0,NaN
0.003,NaN
0.005,NaN
0.008,NaN
0.01,NaN
0.013,NaN
0.015,NaN
0.019,NaN
0.024,NaN
0.033,NaN
0.043,NaN
0.053,NaN
0.063,NaN
0.073,NaN
0.083,NaN
0.093,NaN
0.103,NaN
0.115,NaN
0.125,NaN
0.135,NaN
0.145,NaN
0.155,NaN
0.164,NaN
0.173,NaN
0.181,104.096
0.193,104.521
0.212,105.031
0.215,105.104
0.22,105.211
0.227,105.367
0.237,105.587
0.253,105.923
0.277,106.565
0.312,107.363
0.315,107.415
0.319,107.493
0.326,107.606
0.336,107.77
0.351,108.004
0.373,108.319
0.407,108.792
0.415,108.944
0.427,109.166
0.445,109.486
0.473,110.077
0.515,110.722
0.565,110.982
0.615,111.248
0.665,111.32
0.715,111.486
0.765,111.672
0.815,111.938
0.865,112.311
0.915,112.581
0.965,112.742
1.015,112.985
1.065,113.19
1.115,113.557
1.165,113.96
1.215,114.282
1.265,114.656
1.315,115.17
1.365,115.476
1.415,115.709
1.465,115.953
1.515,116.157
1.565,116.319
1.615,116.583
1.665,116.629
1.715,116.469
1.765,116.318
1.815,116.193
1.865,116.023
1.915,116.05
1.965,116.025
2.015,115.901
2.065,115.91
2.115,115.927
2.165,115.897
2.215,115.824
2.265,115.853
2.315,115.963
2.365,116.057
2.415,116.103
2.465,116.176
2.515,116.255
2.565,116.356
2.615,116.485
2.665,116.673
2.715,116.841
2.765,117.001
2.815,117.235
2.865,117.519
2.915,117.647
2.965,117.554
3.015,117.523
3.065,117.391
3.115,117.235
3.165,117.148
3.215,117.104
3.265,117.163
3.315,117.236
3.365,117.37
3.415,117.519
3.465,117.708
3.515,117.85
3.565,118.1
3.615,118.38
3.665,118.568
3.715,118.63
3.765,118.562
3.815,118.529
3.865,118.43
3.915,118.41
3.965,118.492
4.015,118.571
4.065,118.645
4.115,118.732
4.165,118.925
4.215,119.198
4.265,119.452
4.315,119.686
4.365,119.642
4.415,119.671
4.465,119.739
4.515,119.875
4.565,120.056
4.615,120.231
4.665,120.505
4.715,120.752
4.765,121.039
4.815,121.337
4.865,121.566
4.915,121.848
4.965,122.049
5.015,122.192
5.065,122.375
5.115,122.662
5.165,122.88
5.215,123.107
5.265,123.422
5.315,123.79
5.365,124.211
5.415,124.544
5.465,124.712
5.515,124.923
5.565,125.164
5.615,125.443
5.665,125.765
5.715,126.088
5.765,126.456
5.815,126.755
5.865,126.999
5.915,127.19
5.965,127.339
6.015,127.518
6.065,127.731
6.115,127.982
6.165,128.261
6.215,128.324
6.265,128.395
6.315,128.524
6.365,128.607
6.415,128.635
6.465,128.666
6.515,128.728
6.565,128.686
6.615,128.537
6.665,128.431
6.715,128.291
6.765,128.182
6.815,128.054
6.865,127.761
6.915,127.414
6.965,127.067
7.015,126.753
7.065,126.434
7.115,126.191
7.165,125.898
7.215,125.498
7.265,125.143
7.315,124.829
7.365,124.543
7.415,124.293
7.465,123.947
7.515,123.649
7.565,123.363
7.615,123.093
7.665,122.851
7.715,122.61
7.765,122.286
7.815,121.959
7.865,121.624
7.915,121.316
7.965,121.068
8.015,120.838
8.065,120.638
8.115,120.386
8.165,120.087
8.215,119.775
8.265,119.459
8.315,119.192
8.365,118.943
8.415,118.711
8.465,118.555
8.515,118.243
8.565,117.965
8.615,117.719
8.665,117.486
8.715,117.285
8.765,117.078
8.815,116.841
8.865,116.607
8.915,116.294
8.965,116.049
9.015,115.838
9.065,115.627
9.115,115.418
9.165,115.218
9.215,115.018
9.265,114.799
9.315,114.545
9.365,114.277
9.415,114.023
9.465,113.81
9.515,113.616
9.565,113.443
9.615,113.259
9.665,113.039
9.715,112.825
9.765,112.609
9.815,112.373
9.865,112.143
9.915,111.908
9.965,111.725
10.015,111.564
10.065,111.37
10.115,111.171
10.165,110.96
10.215,110.763
10.265,110.544
10.315,110.323
10.365,110.123
10.415,109.978
10.465,109.904
10.515,109.89
10.565,109.906
10.615,109.906
10.665,109.895
10.715,109.888
10.765,109.886
10.815,109.846
10.865,109.812
10.915,109.78
10.965,109.762
11.015,109.745
11.065,109.735
11.115,109.707
11.165,109.685
11.215,109.686
11.265,109.694
11.315,109.699
11.365,109.704
11.415,109.713
11.465,109.701
11.515,109.694
11.565,109.697
11.615,109.698
11.665,109.677
11.715,109.665
11.765,109.654
11.815,109.636
11.865,109.644
11.915,109.657
11.965,109.693
12.015,109.794
12.065,109.93
12.115,110.058
12.165,110.169
12.215,110.303
12.265,110.381
12.315,110.475
12.365,110.576
12.415,110.667
12.465,110.769
12.515,110.838
12.565,110.942
12.615,111.066
12.665,111.203
12.715,111.355
12.765,111.473
12.815,111.562
12.865,111.623
12.915,111.68
12.965,111.755
13.015,111.868
13.065,111.98
13.115,112.118
13.165,112.226
13.215,112.349
13.265,112.482
13.315,112.608
13.365,112.721
13.415,112.789
13.465,112.868
13.515,112.94
13.565,113.022
13.615,113.138
13.665,113.237
13.715,113.354
13.765,113.476
13.815,113.625
13.865,113.718
13.915,113.782
13.965,113.865
14.015,113.957
14.065,114.035
14.115,114.141
14.165,114.246
14.215,114.37
14.265,114.471
14.315,114.615
14.365,114.728
14.415,114.826
14.465,114.929
14.515,115.011
14.565,115.098
14.615,115.209
14.665,115.305
14.715,115.39
14.765,115.465
14.815,115.539
14.865,115.62
14.915,115.713
14.965,115.814
15.015,115.911
15.065,116.045
15.115,116.147
15.165,116.198
15.215,116.262
15.265,116.348
15.315,116.421
15.365,116.528
15.415,116.632
15.465,116.718
15.515,116.827
15.565,116.917
15.615,117.032
15.665,117.19
15.715,117.277
15.765,117.314
15.815,117.334
15.865,117.395
15.915,117.512
15.965,117.611
16.015,117.728
16.065,117.89
16.115,118.034
16.165,118.093
16.215,118.138
16.265,118.213
16.315,118.29
16.365,118.342
16.415,118.421
16.465,118.515
16.515,118.627
16.565,118.74
16.615,118.866
16.665,118.992
16.715,119.075
16.765,119.132
16.815,119.213
16.865,119.28
16.915,119.391
16.965,119.474
17.015,119.545
17.065,119.628
17.115,119.762
17.165,119.902
17.215,120.019
17.265,120.065
17.315,120.09
17.365,120.133
17.415,120.199
17.465,120.3
17.515,120.408
17.565,120.528
17.615,120.669
17.665,120.775
17.715,120.893
17.765,120.916
17.815,120.954
17.865,120.975
17.915,121.049
17.965,121.132
18.015,121.244
18.065,121.33
18.115,121.452
18.165,121.599
18.215,121.748
18.265,121.872
18.315,121.906
18.365,121.909
18.415,121.925
18.465,121.986
18.515,122.111
18.565,122.235
18.615,122.355
18.665,122.502
18.715,122.68
18.765,122.74
18.815,122.747
18.865,122.783
18.915,122.83
18.965,122.901
19.015,122.986
19.065,123.081
19.115,123.247
19.165,123.404
19.215,123.568
19.265,123.571
19.315,123.595
19.365,123.635
19.415,123.688
19.465,123.74
19.515,123.836
19.565,123.942
19.615,124.074
19.665,124.229
19.715,124.374
19.765,124.436
19.815,124.497
19.865,124.557
19.915,124.611
19.965,124.669
20.015,124.787
20.065,124.93
20.115,125.015
20.165,125.121
20.215,125.271
20.265,125.396
20.315,125.508
20.365,125.562
20.415,125.607
20.465,125.657
20.515,125.708
20.565,125.744
20.615,125.847
20.665,125.967
20.715,126.073
20.765,126.202
20.815,126.367
20.865,126.461
20.915,126.461
20.965,126.461
21.015,126.473
21.065,126.561
21.115,126.66
21.165,126.779
21.215,126.926
21.265,127.087
21.315,127.161
21.365,127.242
21.415,127.326
21.465,127.35
21.515,127.378
21.565,127.453
21.615,127.567
21.665,127.693
21.715,127.775
21.765,127.865
21.815,127.967
21.865,127.984
21.915,127.989
21.965,128.021
22.015,128.108
22.065,128.204
22.115,128.319
22.165,128.324
22.215,128.312
22.265,128.338
22.315,128.347
22.365,128.375
22.415,128.393
22.465,128.466
22.515,128.535
22.565,128.612
22.615,128.616
22.665,128.561
22.715,128.514
22.765,128.528
22.815,128.522
22.865,128.568
22.915,128.578
22.965,128.603
23.015,128.621
23.065,128.679
23.115,128.749
23.165,128.771
23.215,128.705
23.265,128.653
23.315,128.589
23.365,128.561
23.415,128.507
23.465,128.471
23.515,128.428
23.565,128.471
23.615,128.534
23.665,128.558
23.715,128.621
23.765,128.62
23.815,128.451
23.865,128.355
23.915,128.342
23.965,128.269
24.015,128.209
24.065,128.223
24.115,128.245
24.165,128.242
24.215,128.264
24.265,128.274
24.315,128.295
24.365,128.222
24.415,128.143
24.465,128.11
24.515,128.035
24.565,127.927
24.615,127.823
24.665,127.745
24.715,127.722
24.765,127.708
24.815,127.729
24.865,127.715
24.915,127.718
24.965,127.68
25.015,127.643
25.065,127.542
25.115,127.452
25.165,127.334
25.215,127.265
25.265,127.244
25.315,127.199
25.365,127.184
25.415,127.177
25.465,127.154
25.515,127.082
25.565,127.031
25.615,126.979
25.665,126.869
25.715,126.756
25.765,126.734
25.815,126.714
25.865,126.66
25.915,126.605
25.965,126.506
26.015,126.418
26.065,126.32
26.115,126.209
26.165,126.134
26.215,126.121
26.265,126.074
26.315,126.026
26.365,125.99
26.415,125.957
26.465,125.845
26.515,125.749
26.565,125.679
26.615,125.607
26.665,125.551
26.715,125.488
26.765,125.421
26.815,125.349
26.865,125.328
26.915,125.275
26.965,125.213
27.015,125.161
27.065,125.069
27.115,124.975
27.165,124.909
27.215,124.855
27.265,124.78
27.315,124.711
27.365,124.665
27.415,124.579
27.465,124.487
27.515,124.45
27.565,124.376
27.615,124.258
27.665,124.127
27.715,124.111
27.765,124.085
27.815,123.986
27.865,123.94
27.915,123.872
27.965,123.777
28.015,123.744
28.065,123.695
28.115,123.671
28.165,123.588
28.215,123.519
28.265,123.429
28.315,123.395
28.365,123.359
28.415,123.284
28.465,123.191
28.515,123.089
28.565,123.056
28.615,123
28.665,122.869
28.715,122.769
28.765,122.698
28.815,122.636
28.865,122.613
28.915,122.609
28.965,122.616
29.015,122.53
29.065,122.435
29.115,122.322
29.165,122.288
29.215,122.253
29.265,122.187
29.315,122.144
29.365,122.1
29.415,122.045
29.465,122.018
29.515,121.941
29.565,121.886
29.615,121.885
29.665,121.8
29.715,121.764
29.765,121.671
29.815,121.615
29.865,121.603
29.915,121.553
29.965,121.497
30.015,121.443
30.065,121.398
30.115,121.299
30.165,121.268
30.215,121.209
30.265,121.164
30.315,121.101
30.365,121.005
30.415,121.004
30.465,121.051
30.515,120.99
30.565,120.982
30.615,120.918
30.665,120.897
30.715,120.764
30.765,120.661
30.815,120.641
30.865,120.613
30.915,120.592
30.965,120.656
31.015,120.5
31.065,120.41
31.115,120.37
31.165,120.321
31.215,120.246
31.265,120.232
31.315,120.167
31.365,120.071
31.415,120.027
31.465,120.033
31.515,120.031
31.565,120.059
31.615,119.979
31.665,119.92
31.715,119.879
31.765,119.885
31.815,119.873
31.865,119.873
31.915,119.844
31.965,119.84
32.015,119.862
32.065,119.907
32.115,119.921
32.165,119.886
32.215,119.85
32.265,119.787
32.315,119.762
32.365,119.666
32.415,119.597
32.465,119.599
32.515,119.549
32.565,119.512
32.615,119.491
32.665,119.432
32.715,119.409
32.765,119.414
32.815,119.43
32.865,119.35
32.915,119.279
32.965,119.256
33.015,119.228
33.065,119.239
33.115,119.201
33.165,119.179
33.215,119.166
33.265,119.157
33.315,119.132
33.365,119.122
33.415,119.198
33.465,119.192
33.515,119.171
33.565,119.09
33.615,119.107
33.665,119.163
33.715,119.188
33.765,119.268
33.815,119.226
33.865,119.179
33.915,119.17
33.965,119.104
34.015,119.11
34.065,119.118
34.115,119.12
34.165,119.09
34.215,119.022
34.265,119.018
34.315,118.983
34.365,118.868
34.415,118.846
34.465,118.813
34.515,118.76
34.565,118.712
34.615,118.676
34.665,118.628
34.715,118.573
34.765,118.586
34.815,118.611
34.865,118.589
34.915,118.534
34.965,118.529
35.015,118.53
35.065,118.491
35.115,118.528
35.165,118.568
35.215,118.551
35.265,118.569
35.315,118.541
35.365,118.539
35.415,118.596
35.465,118.659
35.515,118.615
35.565,118.587
35.615,118.599
35.665,118.617
35.715,118.669
35.765,118.682
35.815,118.539
35.865,118.536
35.915,118.561
35.965,118.564
36.015,118.595
36.065,118.578
36.115,118.471
36.165,118.407
36.215,118.363
36.265,118.301
36.315,118.228
36.365,118.115
36.415,118.121
36.465,118.151
36.515,118.099
36.565,118.074
36.615,118.02
36.665,118.029
36.715,117.953
36.765,117.925
36.815,117.933
36.865,117.959
36.915,117.869
36.965,117.805
37.015,117.841
37.065,117.839
37.115,117.884
37.165,117.926
37.215,117.915
37.265,117.974
37.315,117.975
37.365,117.979
37.415,117.977
37.465,118.063
37.515,118.107
37.565,118.262
37.615,118.241
37.665,118.198
37.715,118.101
37.765,118.054
37.815,117.99
37.865,117.976
37.915,117.909
37.965,117.878
38.015,117.833
38.065,117.704
38.115,117.687
38.165,117.688
38.215,117.675
38.265,117.591
38.315,117.561
38.365,117.542
38.415,117.545
38.465,117.5
38.515,117.502
38.565,117.52
38.615,117.543
38.665,117.483
38.715,117.558
38.765,117.629
38.815,117.58
38.865,117.559
38.915,117.534
38.965,117.553
39.015,117.579
39.065,117.556
39.115,117.552
39.165,117.582
39.215,117.571
39.265,117.568
39.315,117.558
39.365,117.628
39.415,117.709
39.465,117.763
39.515,117.751
39.565,117.77
39.615,117.789
39.665,117.853
39.715,117.827
39.765,117.874
39.815,117.865
39.865,117.791
39.915,117.806
39.965,117.751
40.015,117.781
40.065,117.821
40.115,117.799
40.165,117.74
40.215,117.711
40.265,117.655
40.315,117.676
40.365,117.768
40.415,117.674
40.465,117.649
40.515,117.592
40.565,117.621
40.615,117.54
40.665,117.465
40.715,117.385
40.765,117.336
40.815,117.308
40.865,117.295
40.915,117.331
40.965,117.376
41.015,117.394
41.065,117.331
41.115,117.273
41.165,117.229
41.215,117.156
41.265,117.105
41.315,116.99
41.365,116.866
41.415,116.81
41.465,116.805
41.515,116.827
41.565,116.92
41.615,116.975
41.665,116.954
41.715,116.977
41.765,116.966
41.815,116.952
41.865,116.908
41.915,116.992
41.965,116.976
42.015,117.045
42.065,117.149
42.115,117.198
42.165,117.214
42.215,117.282
42.265,117.327
42.315,117.336
42.365,117.416
42.415,117.404
42.465,117.341
42.515,117.332
42.565,117.362
42.615,117.327
42.665,117.251
42.715,117.187
42.765,117.277
42.815,117.333
42.865,117.325
42.915,117.338
42.965,117.36
43.015,117.317
43.065,117.238
43.115,117.281
43.165,117.32
43.215,117.244
43.265,117.242
43.315,117.112
43.365,116.989
43.415,116.89
43.465,116.844
43.515,116.776
43.565,116.749
43.615,116.627
43.665,116.633
43.715,116.719
43.765,116.571
43.815,116.54
43.865,116.599
43.915,116.633
43.965,116.575
44.015,116.627
44.065,116.566
44.115,116.453
44.165,116.333
44.215,116.337
44.265,116.324
44.315,116.337
44.365,116.371
44.415,116.398
44.465,116.404
44.515,116.37
44.565,116.343
44.615,116.393
44.665,116.444
44.715,116.461
44.765,116.487
44.815,116.467
44.865,116.43
44.915,116.483
44.965,116.476
45.015,116.384
45.065,116.275
45.115,116.242
45.165,116.278
45.215,116.373
45.265,116.433
45.315,116.398
45.365,116.405
45.415,116.41
45.465,116.406
45.515,116.314
45.565,116.248
45.615,116.233
45.665,116.2
45.715,116.265
45.765,116.443
45.815,116.482
45.865,116.455
45.915,116.467
45.965,116.536
46.015,116.603
46.065,116.645
46.115,116.705
46.165,116.699
46.215,116.843
46.265,116.89
46.315,116.973
46.365,116.954
46.415,116.969
46.465,116.865
46.515,116.884
46.565,116.893
46.615,116.926
46.665,116.832
46.715,116.753
46.765,116.661
46.815,116.608
46.865,116.526
46.915,116.422
46.965,116.387
47.015,116.487
47.065,116.529
47.115,116.606
47.165,116.63
47.215,116.633
47.265,116.654
47.315,116.584
47.365,116.596
47.415,116.747
47.465,116.753
47.515,116.752
47.565,116.763
47.615,116.813
47.665,116.869
47.715,116.71
47.765,116.584
47.815,116.564
47.865,116.554
47.915,116.502
47.965,116.551
48.015,116.597
48.065,116.662
48.115,116.791
48.165,116.808
48.215,116.791
48.265,116.816
48.315,116.711
48.365,116.633
48.415,116.661
48.465,116.675
48.515,116.661
48.565,116.772
48.615,116.73
48.665,116.657
48.715,116.679
48.765,116.71
48.815,116.649
48.865,116.513
48.915,116.368
48.965,116.423
49.015,116.437
49.065,116.307
49.115,116.142
49.165,115.958
49.215,115.917
49.265,116.007
49.315,116.186
49.365,116.167
49.415,116.173
49.465,116.264
49.515,116.303
49.565,116.31
49.615,116.403
49.665,116.575
49.715,116.585
49.765,116.513
49.815,116.339
49.865,116.301
49.915,116.333
49.965,116.494
50.015,116.6
50.065,116.627
50.115,116.665
50.165,116.603
50.215,116.531
50.265,116.493
50.315,116.483
50.365,116.401
50.415,116.448
50.465,116.354
50.515,116.468
50.565,116.396
50.615,116.485
50.665,116.588
50.715,116.534
50.765,116.409
50.815,116.402
50.865,116.339
50.915,116.312
50.965,116.304
51.015,116.183
51.065,116.113
51.115,116.013
51.165,115.941
51.215,115.739
51.265,115.692
51.315,115.606
51.365,115.701
51.415,115.834
51.465,115.911
51.515,115.836
51.565,115.729
51.615,115.65
51.665,115.501
51.715,115.569
51.765,115.641
51.815,115.554
51.865,115.279
51.915,115.25
51.965,115.492
52.015,115.555
52.065,115.47
52.115,115.43
52.165,115.487
52.215,115.416
52.265,115.489
52.315,115.316
52.365,115.196
52.415,115.267
52.465,115.293
52.515,115.212
52.565,114.951
52.615,114.881
52.665,114.783
52.715,114.671
52.765,114.516
52.815,114.514
52.865,114.519
52.915,114.46
52.965,114.392
53.015,114.328
53.065,114.341
53.115,114.113
53.165,113.94
53.215,113.865
53.265,113.734
53.315,113.651
53.365,113.649
53.415,113.642
53.465,113.775
53.515,113.522
53.565,113.424
53.615,113.68
53.665,113.774
53.715,113.869
53.765,113.646
53.815,113.628
53.865,113.643
53.915,113.414
53.965,113.286
54.015,113.177
54.065,113.002
54.115,112.773
54.165,112.732
54.215,112.539
54.265,112.489
54.315,112.515
54.365,112.403
54.415,112.037
54.465,111.994
54.515,111.985
54.565,111.862
54.615,111.775
54.665,111.697
54.715,111.529
54.765,111.356
54.815,111.321
54.865,111.413
54.915,111.373
54.965,111.337
55.015,111.334
55.065,111.231
55.115,111.164
55.165,111.312
55.215,111.041
55.265,110.76
55.315,110.742
55.365,110.8
55.415,110.734
55.465,110.618
55.515,110.349
55.565,110.181
55.615,110.261
55.665,110.067
55.715,109.863
55.765,109.66
55.815,109.577
55.865,109.471
55.915,109.2
55.965,109.054
56.015,108.904
56.065,108.821
56.115,108.702
56.165,108.399
56.215,108.301
56.265,108.37
56.315,108.187
56.365,108.048
56.415,107.738
56.465,107.546
56.515,107.497
56.565,107.374
56.615,107.165
56.665,107.085
56.715,107.077
56.765,106.862
56.815,106.856
56.865,106.618
56.915,106.171
56.965,105.976
57.015,105.928
57.065,105.508
57.115,105.12
57.165,104.896
57.215,104.8
57.265,104.795
57.315,104.671
57.365,104.523
57.415,104.264
57.465,103.908
57.515,103.612
57.565,103.364
57.615,103.256
57.665,103.069
57.715,102.81
57.765,102.598
57.815,102.472
57.865,102.353
57.915,102.156
57.965,101.925
58.015,101.715
58.065,101.562
58.115,101.378
58.165,101.314
58.215,101.249
58.265,101.168
58.315,101.01
58.365,100.786
58.415,100.468
58.465,100.256
58.515,100.18
58.565,100.04
58.615,99.769
58.665,0
58.766,0
58.867,0
58.969,0
59.07,0
59.172,0
59.273,0
59.375,0
59.477,0
59.579,0
59.682,0
59.784,0
59.886,0
59.989,0
60.091,0
60.194,0
60.296,0
60.399,0
60.445,0
60.548,0
60.65,0
60.753,0
60.856,0
60.96,0
61.063,0
61.167,0
61.27,0
61.374,0
61.478,0
61.583,0
61.687,0
61.792,0
61.898,0
62.003,0
62.109,0
62.216,0
62.323,0
62.43,0
62.538,0
62.646,0
62.755,0
62.864,0
62.974,0
63.085,0
63.196,0
63.308,0
63.421,0
63.535,0
63.649,0
63.765,0
63.881,0
63.998,0
64.117,0
64.236,0
64.357,0
64.478,0
64.601,0
64.726,0
64.851,0
64.978,0
65.107,0
65.238,0
65.37,0
65.503,0
65.639,0
65.777,0
65.917,0
66.059,0
66.203,0
66.35,0
66.499,0
66.651,0
66.806,0
66.965,0
67.126,0
67.291,0
67.46,0
67.633,0
67.81,0
67.992,0
68.179,0
68.371,0
68.569,0
68.774,0
68.985,0
69.205,0
69.432,0
69.669,0
69.916,0
70.174,0
70.445,0
70.731,0
71.033,0
71.354,0
71.698,0
72.068,0
72.47,0
72.91,0
73.4,0
73.9,0
74.4,0
74.9,0
75.4,0
75.9,0
76.4,0
76.9,0
77.4,0
77.9,0
78.4,0
78.9,0
79.4,0
79.9,0
80.4,0
80.9,0
81.4,0
81.9,0
82.4,0
82.9,0
83.4,0
83.9,0
84.4,0
84.9,0
85.4,0
85.9,0
86.4,0
86.9,0
87.4,0
87.9,0
88.4,0
88.9,0
89.4,0
89.9,0
90.4,0
90.9,0
91.4,0
91.9,0
92.4,0
92.9,0
93.4,0
93.9,0
94.4,0
94.9,0
95.4,0
95.9,0
96.4,0
96.9,0
97.4,0
97.9,0
98.4,0
98.9,0
99.4,0
99.9,0
100.4,0
100.9,0
101.4,0
101.9,0
102.4,0
102.9,0
103.4,0
103.9,0
104.4,0
104.9,0
105.4,0
105.9,0
106.4,0
106.9,0
107.4,0
107.9,0
108.4,0
108.9,0
109.4,0
109.9,0
110.4,0
110.9,0
111.4,0
111.9,0
112.4,0
112.9,0
113.4,0
113.9,0
114.4,0
114.9,0
115.4,0
115.9,0
116.4,0
116.9,0
117.4,0
117.9,0
118.4,0
118.9,0
119.4,0
119.9,0
120.4,0
120.9,0
121.4,0
121.9,0
122.4,0
122.9,0
123.4,0
123.9,0
124.4,0
124.9,0
125.4,0
125.9,0
126.4,0
126.9,0
127.4,0
127.9,0
128.4,0
128.9,0
129.4,0
129.9,0
130.4,0
130.9,0
131.4,0
131.9,0
132.4,0
132.9,0
133.4,0
133.9,0
134.4,0
134.9,0
135.4,0
135.9,0
136.4,0
136.9,0
137.4,0
137.9,0
138.4,0
138.9,0
139.4,0
139.9,0
140.4,0
140.9,0
141.4,0
141.9,0
142.4,0
142.9,0
143.4,0
143.9,0
144.4,0
144.9,0
145.4,0
145.9,0
146.4,0
146.9,0
147.4,0
147.9,0
148.4,0
148.9,0
149.4,0
149.9,0
150.4,0
150.9,0
151.4,0
151.9,0
152.4,0
152.9,0
153.4,0
153.9,0
154.4,0
154.9,0
155.4,0
155.9,0
156.4,0
156.9,0
157.4,0
157.9,0
158.4,0
158.9,0
159.4,0
159.9,0
160.4,0
160.9,0
161.4,0
161.9,0
162.4,0
162.9,0
163.4,0
163.9,0
164.4,0
164.9,0
165.4,0
165.9,0
166.4,0
166.9,0
167.4,0
167.9,0
168.4,0
168.9,0
169.4,0
169.9,0
170.4,0
170.9,0
171.4,0
171.9,0
172.4,0
172.9,0
173.4,0
173.9,0
174.4,0
174.9,0
175.4,0
175.9,0
176.4,0
176.9,0
177.4,0
177.9,0
178.4,0
178.9,0
179.4,0
179.9,0
180.4,0
180.9,0
181.4,0
181.9,0
182.4,0
182.9,0
183.4,0
183.9,0
184.4,0
184.9,0
185.4,0
185.9,0
186.4,0
186.9,0
187.4,0
187.9,0
188.4,0
188.9,0
189.4,0
189.9,0
190.4,0
190.9,0
191.4,0
191.9,0
192.4,0
192.9,0
193.4,0
193.9,0
194.4,0
194.9,0
195.4,0
195.9,0
196.4,0
196.9,0
197.4,0
197.9,0
198.4,0
198.9,0
199.4,0
199.9,0
200.4,0
200.9,0
201.4,0
201.9,0
202.4,0
202.9,0
203.4,0
203.9,0
204.4,0
204.9,0
205.4,0
205.9,0
206.4,0
206.9,0
207.4,0
207.9,0
208.4,0
208.9,0
209.4,0
209.9,0
210.4,0
210.9,0
211.4,0
211.9,0
212.4,0
212.9,0
213.4,0
213.9,0
214.4,0
214.9,0
215.4,0
215.9,0
216.4,0
216.9,0
217.4,0
217.9,0
218.4,0
218.9,0
219.4,0
219.9,0
220.4,0
220.9,0
221.4,0
221.9,0
222.4,0
222.9,0
223.4,0
223.9,0
224.4,0
224.9,0
225.4,0
225.9,0
226.4,0
226.9,0
227.4,0
227.9,0
228.4,0
228.9,0
229.4,0
229.9,0
230.4,0
230.9,0
231.4,0
231.9,0
232.4,0
232.9,0
233.4,0
233.9,0
234.4,0
234.9,0
235.4,0
235.9,0
236.4,0
236.9,0
237.4,0
237.9,0
238.4,0
238.9,0
239.4,0
239.9,0
240.4,0
240.9,0
241.4,0
241.9,0
242.4,0
242.9,0
243.4,0
243.9,0
244.4,0
244.9,0
245.4,0
245.9,0
246.4,0
246.9,0
247.4,0
247.9,0
248.4,0
248.9,0
249.4,0
249.9,0
250.4,0
250.9,0
251.4,0
251.9,0
252.4,0
252.9,0
253.4,0
253.9,0
254.4,0
254.9,0
255.4,0
255.9,0
256.4,0
256.9,0
257.4,0
257.9,0
258.4,0
258.9,0
259.4,0
259.9,0
260.4,0
260.9,0
261.4,0
261.9,0
262.4,0
262.9,0
263.4,0
263.9,0
264.4,0
264.9,0
265.4,0
265.9,0
266.4,0
266.9,0
267.4,0
267.9,0
268.4,0
268.9,0
269.4,0
269.9,0
270.4,0
270.9,0
271.4,0
271.9,0
272.4,0
272.9,0
273.4,0
273.9,0
274.4,0
274.9,0
275.4,0
275.9,0
276.4,0
276.9,0
277.4,0
277.9,0
278.4,0
278.9,0
279.4,0
279.9,0
280.4,0
280.9,0
281.4,0
281.9,0
282.4,0
282.9,0
283.4,0
283.9,0
284.4,0
284.9,0
285.4,0
285.9,0
286.4,0
286.9,0
287.4,0
287.9,0
288.4,0
288.9,0
289.4,0
289.9,0
290.4,0
290.9,0
291.4,0
291.9,0
292.4,0
292.9,0
293.4,0
293.9,0
294.4,0
294.9,0
295.4,0
295.9,0
296.4,0
296.9,0
297.4,0
297.9,0
298.4,0
298.9,0
299.4,0
299.9,0
300.4,0
300.9,0
301.4,0
301.9,0
302.4,0
302.9,0
303.4,0
303.9,0
304.4,0
304.9,0
305.4,0
305.9,0
306.4,0
306.9,0
307.4,0
307.9,0
308.4,0
308.9,0
309.4,0
309.9,0
310.4,0
310.9,0
311.4,0
311.9,0
312.4,0
312.9,0
313.4,0
313.9,0
314.4,0
314.9,0
315.4,0
315.9,0
316.4,0
316.9,0
317.4,0
317.9,0
318.4,0
318.9,0
319.4,0
319.9,0
320.4,0
320.9,0
321.4,0
321.9,0
322.4,0
322.9,0
323.4,0
323.9,0
324.4,0
324.9,0
325.4,0
325.9,0
326.4,0
326.9,0
327.4,0
327.9,0
328.4,0
328.9,0
329.4,0
329.9,0
330.4,0
330.9,0
331.4,0
331.9,0
332.4,0
332.9,0
333.4,0
333.9,0
334.4,0
334.9,0
335.4,0
335.9,0
336.4,0
336.9,0
337.4,0
337.9,0
338.4,0
338.9,0
339.4,0
339.9,0
340.4,0
340.9,0
341.4,0
341.9,0
342.4,0
342.9,0
343.4,0
343.9,0
344.4,0
344.9,0
345.4,0
345.9,0
346.4,0
346.9,0
347.4,0
347.9,0
348.4,0
348.9,0
349.4,0
349.9,0
350.4,0
350.9,0
351.4,0
351.9,0
352.4,0
352.9,0
353.4,0
353.9,0
354.4,0
354.9,0
355.4,0
355.9,0
356.4,0
356.9,0
357.4,0
357.9,0
358.4,0
358.9,0
359.4,0
359.9,0
360.4,0
360.9,0
361.4,0
361.9,0
362.4,0
362.9,0
363.4,0
363.9,0
364.4,0
364.9,0
365.4,0
365.9,0
366.4,0
366.9,0
367.4,0
367.9,0
368.4,0
368.9,0
369.4,0
369.9,0
370.4,0
370.9,0
371.4,0
371.9,0
372.4,0
372.9,0
373.4,0
373.9,0
374.4,0
374.9,0
375.4,0
375.9,0
376.4,0
376.9,0
377.4,0
377.9,0
378.4,0
378.9,0
379.4,0
379.9,0
380.4,0
380.9,0
381.4,0
381.9,0
382.4,0
382.9,0
383.4,0
383.9,0
384.4,0
384.9,0
385.4,0
385.9,0
386.4,0
386.9,0
387.4,0
387.9,0
388.4,0
388.9,0
389.4,0
389.9,0
390.4,0
390.9,0
391.4,0
391.9,0
392.4,0
392.9,0
393.4,0
393.9,0
394.4,0
394.9,0
395.4,0
395.9,0
396.4,0
396.9,0
397.4,0
397.9,0
398.4,0
398.9,0
399.4,0
399.9,0
400.4,0
400.9,0
401.4,0
401.9,0
402.4,0
402.9,0
403.4,0
403.9,0
404.4,0
404.9,0
405.4,0
405.9,0
406.4,0
406.9,0
407.4,0
407.9,0
408.4,0
408.9,0
409.4,0
409.9,0
410.4,0
410.9,0
411.4,0
411.9,0
412.4,0
412.9,0
413.4,0
413.9,0
414.4,0
414.9,0
415.4,0
415.9,0
416.4,0
416.9,0
417.4,0
417.9,0
418.4,0
418.9,0
419.4,0
419.9,0
420.4,0
420.9,0
421.4,0
421.9,0
422.4,0
422.9,0
423.4,0
423.9,0
424.4,0
424.9,0
425.4,0
425.9,0
426.4,0
426.9,0
427.4,0
427.9,0
428.4,0
428.9,0
429.4,0
429.9,0
430.4,0
430.9,0
431.4,0
431.9,0
432.4,0
432.9,0
433.4,0
433.9,0
434.4,0
434.9,0
435.4,0
435.9,0
436.4,0
436.9,0
437.4,0
437.9,0
438.4,0
438.9,0
439.4,0
439.9,0
440.4,0
440.9,0
441.4,0
441.9,0
442.4,0
442.9,0
443.4,0
443.9,0
444.4,0
444.9,0
445.4,0
445.9,0
446.4,0
446.9,0
447.4,0
447.9,0
448.4,0
448.9,0
449.4,0
449.9,0
450.4,0
450.9,0
451.4,0
451.9,0
452.4,0
452.9,0
452.901,0
452.908,0
452.915,0
452.923,0
452.931,0
452.94,0
452.95,0
452.961,0
452.974,0
452.987,0
453.002,0
453.019,0
453.038,0
453.06,0
453.086,0
453.116,0
453.153,0
453.197,0
453.254,0
453.329,0
453.437,0
453.614,0
453.942,0
454.305,0
454.672,0
455.038,0
455.404,0
455.77,0
456.136,0
456.502,0
456.868,0
457.234,0
457.6,0
457.965,0
458.331,0
458.697,0
459.062,0
459.428,0
459.793,0
460.159,0
460.524,0
461.024,0
461.389,0
461.755,0
462.12,0
462.485,0
462.85,0
463.215,0
463.58,0
463.945,0
464.31,0
464.675,0
465.04,0
465.405,0
465.77,0
466.135,0
466.499,0
466.864,0
467.229,0
467.593,0
467.958,0
468.322,0
468.687,0
469.051,0
469.415,0
469.78,0
470.144,0
470.508,0
470.872,0
471.236,0
471.6,0
472.1,0
472.464,0
472.828,0
473.192,0
473.556,0
473.92,0
474.284,0
474.647,0
475.011,0
475.375,0
475.738,0
476.102,0
476.602,0
476.965,0
477.328,0
477.692,0
478.055,0
478.418,0
478.781,0
479.145,0
479.508,0
479.871,0
480.234,0
480.596,0
480.959,0
481.322,0
481.685,0
482.048,0
482.41,0
482.773,0
483.136,0
483.499,0
483.861,0
484.224,0
484.586,0
484.949,0
485.311,0
485.674,0
486.036,0
486.398,0
486.76,0
487.123,0
487.485,0
487.847,0
488.209,0
488.571,0
488.933,0
489.295,0
489.657,0
490.016,0
