time_s,cg_from_tip_in
0.0,99.4781125590757
0.01,99.49253781559017
0.02,99.50694796838147
0.03,99.52134300335173
0.04,99.53572290638563
0.05,99.5500876633503
0.06,99.56443726009515
0.07,99.57877168245207
0.08,99.59309091623525
0.09,99.60739494724118
0.1,99.62168376124863
0.11,99.63595734401868
0.12,99.65021568129455
0.13,99.66445875880177
0.14,99.67868656224792
0.15,99.69289907732286
0.16,99.70709628969848
0.17,99.72127818502874
0.18,99.73544474894975
0.19,99.74959596707959
0.2,99.76373182501834
0.21,99.77785230834816
0.22,99.791957402633
0.23,99.80604709341881
0.24,99.82012136623352
0.25,99.83418020658675
0.26,99.8482235999701
0.27,99.86225153185693
0.28,99.87626398770232
0.29,99.89026095294321
0.3,99.90424241299819
0.31,99.91820835326753
0.32,99.93215875913327
0.33,99.94609361595894
0.34,99.96001290908981
0.35000000000000003,99.97391662385259
0.36,99.98780474555569
0.37,100.00167725948894
0.38,100.01553415092366
0.39,100.0293754051127
0.4,100.04320100729028
0.41000000000000003,100.05701094267206
0.42,100.07080519645505
0.43,100.08458375381767
0.44,100.09834659991952
0.45,100.1120937199016
0.46,100.12582509888614
0.47000000000000003,100.1395407219766
0.48,100.15324057425762
0.49,100.16692464079502
0.5,100.18059290663574
0.51,100.19424535680788
0.52,100.20788197632054
0.53,100.22150275016395
0.54,100.23510766330932
0.55,100.2486967007088
0.56,100.26226984729557
0.5700000000000001,100.27582708798376
0.58,100.28936840766828
0.59,100.30289379122503
0.6,100.31640322351069
0.61,100.32989668936274
0.62,100.3433741735995
0.63,100.35683566101994
0.64,100.3702811364038
0.65,100.38371058451153
0.66,100.39712399008418
0.67,100.41052133784348
0.68,100.42390261249169
0.6900000000000001,100.43726779871167
0.7000000000000001,100.45061688116682
0.71,100.46394984450104
0.72,100.47726667333866
0.73,100.4905673522845
0.74,100.50385186592375
0.75,100.51712019882197
0.76,100.5303723355251
0.77,100.5436082605594
0.78,100.55682795843138
0.79,100.57003141362779
0.8,100.58321861061562
0.81,100.59638953384207
0.8200000000000001,100.6095441677345
0.8300000000000001,100.62268249670026
0.84,100.63580450512703
0.85,100.64891017738236
0.86,100.6619994978139
0.87,100.67507245074931
0.88,100.68812902049616
0.89,100.70116919134205
0.9,100.71419294755434
0.91,100.72720027338038
0.92,100.74019115304733
0.93,100.7531655707621
0.9400000000000001,100.76612351071145
0.9500000000000001,100.77906495706183
0.96,100.79198989395944
0.97,100.80489830553006
0.98,100.81779017587924
0.99,100.83066548909204
1.0,100.84352422923315
1.01,100.85636638034683
1.02,100.86919192645674
1.03,100.88200085156609
1.04,100.89479313965761
1.05,100.90756877469329
1.06,100.92032774061462
1.07,100.9330700213424
1.08,100.94579560077669
1.09,100.95850446279694
1.1,100.97119659126173
1.11,100.9838719700089
1.12,100.99653058285556
1.1300000000000001,101.00917241359775
1.1400000000000001,101.02179744601086
1.1500000000000001,101.03440566384921
1.16,101.04699705084623
1.17,101.05957159071431
1.18,101.07212926714486
1.19,101.08467006380822
1.2,101.09719396435366
1.21,101.10970095240927
1.22,101.12219101158202
1.23,101.13466412545772
1.24,101.14712027760088
1.25,101.1595594515548
1.26,101.17198163084147
1.27,101.18438679896151
1.28,101.19677493939427
1.29,101.20914603559764
1.3,101.22150007100804
1.31,101.23383702904049
1.32,101.24615689308845
1.33,101.25845964652395
1.34,101.27074527269727
1.35,101.2830137549372
1.36,101.29526507655086
1.37,101.30749922082376
1.3800000000000001,101.31971617101954
1.3900000000000001,101.33191591038027
1.4000000000000001,101.34409842212608
1.41,101.35626368945537
1.42,101.3684116955447
1.43,101.3805424235486
1.44,101.39265585659987
1.45,101.40475197780925
1.46,101.41683077026545
1.47,101.42889221703517
1.48,101.44093630116312
1.49,101.45296300567173
1.5,101.46497231356152
1.51,101.47696420781061
1.52,101.48893867137502
1.53,101.50089568718856
1.54,101.51283523816261
1.55,101.52475730718636
1.56,101.53666187712665
1.57,101.54854893082775
1.58,101.56041845111167
1.59,101.57227042077794
1.6,101.58410482260348
1.61,101.59592163934273
1.62,101.6077208537276
1.6300000000000001,101.61950244846729
1.6400000000000001,101.63126640624841
1.6500000000000001,101.64301270973483
1.6600000000000001,101.65474134156771
1.67,101.6664522843655
1.68,101.67814552072377
1.69,101.68982103321531
1.7,101.70147880438996
1.71,101.7131188167747
1.72,101.72474105287358
1.73,101.73634549516763
1.74,101.74793212611476
1.75,101.75950092815
1.76,101.77105188368513
1.77,101.78258497510886
1.78,101.79410018478669
1.79,101.8055974950609
1.8,101.8170768882505
1.81,101.82853834665127
1.82,101.83998185253559
1.83,101.8514073881525
1.84,101.86281493572761
1.85,101.87420447746312
1.86,101.88557599553772
1.87,101.89692947210655
1.8800000000000001,101.90826488930121
1.8900000000000001,101.91958222922969
1.9000000000000001,101.93088147397633
1.9100000000000001,101.94216260560184
1.92,101.95342560614313
1.93,101.96467045761337
1.94,101.975897142002
1.95,101.98710564127454
1.96,101.99829593737266
1.97,102.00946801221411
1.98,102.02062184769272
1.99,102.03175742567824
2.0,102.04287472801644
2.0100000000000002,102.05397373652902
2.02,102.06505443301354
2.0300000000000002,102.07611679924344
2.04,102.08716081696787
2.05,102.09818646791187
2.06,102.10919373377608
2.07,102.12018259623696
2.08,102.1311530369465
2.09,102.14210503753229
2.1,102.15303857959758
2.11,102.163953644721
2.12,102.1748502144568
2.13,102.1857282703346
2.14,102.19658779385941
2.15,102.20742876651163
2.16,102.2182511697469
2.17,102.22905498499627
2.18,102.23984019366587
2.19,102.25060677713721
2.2,102.2613547167667
2.21,102.27208399388608
2.22,102.28279458980208
2.23,102.2934864857964
2.24,102.30415966312582
2.25,102.31481410302202
2.2600000000000002,102.32544978669156
2.27,102.33606669531589
2.2800000000000002,102.34666481005127
2.29,102.35724411202872
2.3000000000000003,102.36780458235401
2.31,102.37834620210756
2.32,102.38886895234454
2.33,102.39937281409459
2.34,102.409857768362
2.35,102.42032379612557
2.36,102.43077087833858
2.37,102.44119899592867
2.38,102.451608129798
2.39,102.46199826082298
2.4,102.47236936985433
2.41,102.4827214377171
2.42,102.49305444521052
2.43,102.50336837310796
2.44,102.51366320215695
2.45,102.52393891307914
2.46,102.5341954865702
2.47,102.54443290329979
2.48,102.55465114391156
2.49,102.564850189023
2.5,102.5750300192256
2.5100000000000002,102.5851906150845
2.52,102.5953319571388
2.5300000000000002,102.60545402590121
2.54,102.6155568018582
2.5500000000000003,102.6256402654699
2.56,102.63570439716993
2.57,102.64574917736563
2.58,102.65577458643774
2.59,102.66578060474052
2.6,102.67576721260163
2.61,102.68573439032214
2.62,102.69568211817642
2.63,102.70561037641215
2.64,102.71551914525027
2.65,102.7254084048849
2.66,102.73527813548331
2.67,102.74512831718589
2.68,102.75495893010607
2.69,102.76476995433036
2.7,102.77456136991816
2.71,102.78433315690184
2.72,102.79408529528665
2.73,102.80381776505068
2.74,102.8135305461448
2.75,102.82322361849258
2.7600000000000002,102.83289696199031
2.77,102.84255055650704
2.7800000000000002,102.85218438188419
2.79,102.861798417936
2.8000000000000003,102.87139264444899
2.81,102.88096704118227
2.82,102.89052158786734
2.83,102.90005626420805
2.84,102.9095710498806
2.85,102.91906592453343
2.86,102.92854086778722
2.87,102.93799585923486
2.88,102.94743087844132
2.89,102.95684590494365
2.9,102.96624091825102
2.91,102.97561589784452
2.92,102.98497082317715
2.93,102.99430567367389
2.94,103.0036204287315
2.95,103.01291506771854
2.96,103.0221895699754
2.97,103.03144391481402
2.98,103.04067808151812
2.99,103.04989204934297
3.0,103.0590857975154
3.0100000000000002,103.06825930523375
3.02,103.07741255166783
3.0300000000000002,103.08654551595878
3.04,103.09565817721922
3.0500000000000003,103.10475051453302
3.06,103.11382250695524
3.0700000000000003,103.12287413351233
3.08,103.13190537320165
3.09,103.14091620499191
3.1,103.14990660782279
3.11,103.15887656060487
3.12,103.1678260422199
3.13,103.1767550315204
3.14,103.18566350732979
3.15,103.19455144844228
3.16,103.20341883362293
3.17,103.21226564160735
3.18,103.22109185110199
3.19,103.22989744078376
3.2,103.23868238930024
3.21,103.24744667526943
3.22,103.25619027727983
3.23,103.26491317389039
3.24,103.27361534363037
3.25,103.28229676499926
3.2600000000000002,103.29095741646695
3.27,103.29959727647342
3.2800000000000002,103.30821632342887
3.29,103.31681453571352
3.3000000000000003,103.32539189167773
3.31,103.33394836964176
3.3200000000000003,103.34248394789589
3.33,103.35099860470022
3.34,103.3594923182848
3.35,103.3679650668493
3.36,103.37641682856324
3.37,103.38484758156586
3.38,103.39325730396588
3.39,103.40164597384171
3.4,103.41001356924126
3.41,103.41836006818187
3.42,103.42668544865035
3.43,103.43498968860287
3.44,103.4432727659648
3.45,103.45153465863093
3.46,103.45977534446519
3.47,103.46799480130056
3.48,103.47619300693928
3.49,103.48436993915253
3.5,103.49252557568047
3.5100000000000002,103.50065989423229
3.52,103.50877287248589
3.5300000000000002,103.51686448808819
3.54,103.52493471865476
3.5500000000000003,103.53298354176985
3.56,103.54101093498652
3.5700000000000003,103.54901687582633
3.58,103.55700134177934
3.59,103.5649643103043
3.6,103.57290575882816
3.61,103.58082566474646
3.62,103.58872400542293
3.63,103.59660075818962
3.64,103.60445590034686
3.65,103.6122894091631
3.66,103.62010126187482
3.67,103.62789143568669
3.68,103.63565990777128
3.69,103.64340665526913
3.7,103.65113165528868
3.71,103.65883488490616
3.72,103.66651632116559
3.73,103.6741759410787
3.74,103.68181372162489
3.75,103.68942963975115
3.7600000000000002,103.69702367237203
3.77,103.70459579636952
3.7800000000000002,103.7121459885931
3.79,103.71967422585955
3.8000000000000003,103.72718048495302
3.81,103.73466474262493
3.8200000000000003,103.74212697559383
3.83,103.74956716054544
3.84,103.75698527413263
3.85,103.7643812929752
3.86,103.77175519365996
3.87,103.77910695274058
3.88,103.78643654673766
3.89,103.79374395213858
3.9,103.80102914539734
3.91,103.80829210293474
3.92,103.81553280113819
3.93,103.82275121636154
3.94,103.82994732492526
3.95,103.8371211031162
3.96,103.84427252718758
3.97,103.85140157335897
3.98,103.85850821781617
3.99,103.86559243671115
4.0,103.87265420616212
4.01,103.87969350225328
4.0200000000000005,103.88671030103484
4.03,103.89370457852306
4.04,103.90067631069994
4.05,103.90762547351349
4.0600000000000005,103.9145520428774
4.07,103.92145599467104
4.08,103.92833730473954
4.09,103.93519594889354
4.1,103.94203190290922
4.11,103.94884514252828
4.12,103.95563564345778
4.13,103.96240338137011
4.14,103.969148331903
4.15,103.97587047065937
4.16,103.9825697732073
4.17,103.98924621508
4.18,103.99589977177563
4.19,104.00253041875743
4.2,104.0091381314535
4.21,104.01572288525672
4.22,104.02228465552494
4.23,104.02882341758054
4.24,104.03533914671065
4.25,104.041831818167
4.26,104.04830140716584
4.2700000000000005,104.05474788888785
4.28,104.06117123847814
4.29,104.06757143104619
4.3,104.07394844166576
4.3100000000000005,104.08030224537475
4.32,104.08663281717529
4.33,104.09294013203353
4.34,104.09922416487973
4.3500000000000005,104.10548489060795
4.36,104.11172228407635
4.37,104.11793632010671
4.38,104.12412697348469
4.39,104.13029421895963
4.4,104.13643803124447
4.41,104.14255838501576
4.42,104.14865525491348
4.43,104.15472861554109
4.44,104.16077844146544
4.45,104.1668047072166
4.46,104.17280738728795
4.47,104.17878645613601
4.48,104.18474188818044
4.49,104.19067365780386
4.5,104.19658173935188
4.51,104.20246610713303
4.5200000000000005,104.20832673541872
4.53,104.21416359844304
4.54,104.21997667040283
4.55,104.22576592545757
4.5600000000000005,104.23153133772924
4.57,104.23727288130239
4.58,104.24299053022395
4.59,104.24868425850327
4.6000000000000005,104.25435404011192
4.61,104.25999984898374
4.62,104.26562165901467
4.63,104.27121944406285
4.64,104.27679317794833
4.65,104.28234283445312
4.66,104.28786838732117
4.67,104.29336981025823
4.68,104.29884707693166
4.69,104.30430016097073
4.7,104.3097290359661
4.71,104.31513367547002
4.72,104.32051405299629
4.73,104.32587014201997
4.74,104.33120191597753
4.75,104.33650934826666
4.76,104.34179241224622
4.7700000000000005,104.34705108123622
4.78,104.35228532851765
4.79,104.3574951273325
4.8,104.36268045088369
4.8100000000000005,104.36784127233484
4.82,104.3729775648105
4.83,104.37808930139576
4.84,104.38317645513632
4.8500000000000005,104.38823899903856
4.86,104.39327690606916
4.87,104.39829014915527
4.88,104.40327870118438
4.89,104.40824253500413
4.9,104.41318162342247
4.91,104.41809593920732
4.92,104.42298545508669
4.93,104.42785014374859
4.94,104.4326899778408
4.95,104.43750492997096
4.96,104.44229497270652
4.97,104.44706007857447
4.98,104.45180022006143
4.99,104.45651536961354
5.0,104.46120549963638
5.01,104.46587058249486
5.0200000000000005,104.47051059051319
5.03,104.47512549597482
5.04,104.47971527112232
5.05,104.48427988815729
5.0600000000000005,104.48881931924033
5.07,104.49333353649101
5.08,104.49782251198764
5.09,104.50228621776729
5.1000000000000005,104.50672462582585
5.11,104.51113770811767
5.12,104.51552543655568
5.13,104.51988778301121
5.14,104.52422471931409
5.15,104.52853621725232
5.16,104.5328222485722
5.17,104.53708278497813
5.18,104.54131779813261
5.19,104.54552725965607
5.2,104.54971114112693
5.21,104.55386941408139
5.22,104.55800205001344
5.23,104.56210902037466
5.24,104.56619029657436
5.25,104.57024584997927
5.26,104.5742756519136
5.2700000000000005,104.57827967365887
5.28,104.58225788645396
5.29,104.58621026149491
5.3,104.59013676993484
5.3100000000000005,104.59403738288401
5.32,104.5979120714096
5.33,104.60176080653557
5.34,104.6055835592428
5.3500000000000005,104.60938030046897
5.36,104.61315100110816
5.37,104.61689563201122
5.38,104.62061416398538
5.39,104.62430656779424
5.4,104.62797281415784
5.41,104.63161287375236
5.42,104.6352267172101
5.43,104.63881431511956
5.44,104.6423756380251
5.45,104.64591065642703
5.46,104.64941934078152
5.47,104.6529016615004
5.48,104.65635758895125
5.49,104.65978709345718
5.5,104.66319014529675
5.51,104.66656671470405
5.5200000000000005,104.66991677186833
5.53,104.6732402869342
5.54,104.6765372300014
5.55,104.67980757112471
5.5600000000000005,104.68305128031396
5.57,104.68626832753381
5.58,104.68945868270376
5.59,104.6926223156981
5.6000000000000005,104.69575919634568
5.61,104.69886929442997
5.62,104.70195257968894
5.63,104.70500902181483
5.64,104.70803859045436
5.65,104.71104125520831
5.66,104.71401698563173
5.67,104.71696575123356
5.68,104.71988752147689
5.69,104.72278226577848
5.7,104.72564995350905
5.71,104.72849055399291
5.72,104.73130403650799
5.73,104.73409037028584
5.74,104.7368495245113
5.75,104.73958146832268
5.76,104.74228617081148
5.7700000000000005,104.74496360102239
5.78,104.74761372795318
5.79,104.75023652055461
5.8,104.75283194773031
5.8100000000000005,104.75539997833684
5.82,104.75794058118333
5.83,104.76045372503164
5.84,104.7629393785962
5.8500000000000005,104.76539751054378
5.86,104.76782808949359
5.87,104.77023108401717
5.88,104.77260646263811
5.89,104.77495419383219
5.9,104.77727424602718
5.91,104.77956658760269
5.92,104.78183118689023
5.93,104.784068012173
5.94,104.78627703168583
5.95,104.78845821361513
5.96,104.7906115260987
5.97,104.79273693722573
5.98,104.7948344150367
5.99,104.79690392752319
6.0,104.79894544262793
6.01,104.80095892824457
6.0200000000000005,104.8029443522177
6.03,104.80490168234269
6.04,104.8068308863656
6.05,104.80873193198312
6.0600000000000005,104.81060478684245
6.07,104.81244941854118
6.08,104.81426579462723
6.09,104.81605388259881
6.1000000000000005,104.81781364990418
6.11,104.81954506394166
6.12,104.82124809205956
6.13,104.82292270155597
6.140000000000001,104.82456885967875
6.15,104.82618653362543
6.16,104.82777569054306
6.17,104.82933629752822
6.18,104.83086832162677
6.19,104.83237172983384
6.2,104.83384648909383
6.21,104.83529256630004
6.22,104.83670992829485
6.23,104.83809854186957
6.24,104.8394583737641
6.25,104.84078939066717
6.26,104.84209155921602
6.2700000000000005,104.84336484599638
6.28,104.84460921754236
6.29,104.84582464033633
6.3,104.84701108080887
6.3100000000000005,104.84816850533858
6.32,104.8492968802521
6.33,104.85039617182392
6.34,104.85146634627625
6.3500000000000005,104.85250736977908
6.36,104.8535192084499
6.37,104.85450182835368
6.38,104.85545519550274
6.390000000000001,104.85637927585672
6.4,104.8572740353224
6.41,104.85813943975361
6.42,104.8589754549511
6.43,104.85978204666259
6.44,104.86055918058243
6.45,104.86130682235171
6.46,104.86202493755799
6.47,104.86271349173532
6.48,104.8633724503641
6.49,104.86400177887089
6.5,104.86460144262847
6.51,104.86517140695557
6.5200000000000005,104.86571163711687
6.53,104.86622209832287
6.54,104.86670275572973
6.55,104.86715357443929
6.5600000000000005,104.86757451949882
6.57,104.86796555590097
6.58,104.86832664858373
6.59,104.8686577624302
6.6000000000000005,104.8689588622686
6.61,104.8692299128721
6.62,104.86947087895868
6.63,104.8696817251911
6.640000000000001,104.86986241617674
6.65,104.87001291646756
6.66,104.87013319055984
6.67,104.87022320289424
6.68,104.8702829178556
6.69,104.87031229977286
6.7,104.87031131291894
6.71,104.87027992151062
6.72,104.87021808970843
6.73,104.8701257816166
6.74,104.87000296128282
6.75,104.86984959269826
6.76,104.86966563979747
6.7700000000000005,104.86945106645805
6.78,104.86920583650083
6.79,104.86892991368953
6.8,104.8686232617308
6.8100000000000005,104.86828584427404
6.82,104.86791762491126
6.83,104.86751856717702
6.84,104.86708863454832
6.8500000000000005,104.8666277904444
6.86,104.86613599822675
6.87,104.86561322119891
6.88,104.8650594226064
6.890000000000001,104.86447456563654
6.9,104.86385861341843
6.91,104.86321152902275
6.92,104.86253327546173
6.93,104.86182381568888
6.94,104.86108311259912
6.95,104.86031112902842
6.96,104.85950782775376
6.97,104.85867317149318
6.98,104.85780712290538
6.99,104.85690964458979
7.0,104.85598069908643
7.01,104.85502024887568
7.0200000000000005,104.85402825637838
7.03,104.8530046839555
7.04,104.85194949390807
7.05,104.85086264847718
7.0600000000000005,104.8497441098437
7.07,104.84859384012826
7.08,104.8474118013911
7.09,104.84619795563194
7.1000000000000005,104.8449522647899
7.11,104.84367469074333
7.12,104.84236519530967
7.13,104.84102374024546
7.140000000000001,104.83965028724603
7.15,104.83824479794552
7.16,104.83680723391676
7.17,104.83533755667099
7.18,104.83383572765788
7.19,104.83230170826546
7.2,104.83073545981976
7.21,104.82913694358498
7.22,104.82750612076312
7.23,104.82584295249396
7.24,104.82414739985501
7.25,104.82241942386125
7.26,104.820658985465
7.2700000000000005,104.81886604555599
7.28,104.81704056496102
7.29,104.81518250444388
7.3,104.81329182470532
7.3100000000000005,104.81136848638283
7.32,104.80941245005056
7.33,104.80742367621913
7.34,104.80540212533558
7.3500000000000005,104.80334775778323
7.36,104.80126053388148
7.37,104.79914041388575
7.38,104.79698735798735
7.390000000000001,104.7948013263133
7.4,104.79258227892628
7.41,104.79033017582437
7.42,104.7880449769411
7.43,104.78572664214516
7.44,104.78337513124035
7.45,104.7809904039654
7.46,104.77857241999392
7.47,104.77612113893422
7.48,104.77363652032905
7.49,104.77111852365576
7.5,104.76856710832591
7.51,104.76598223368521
7.5200000000000005,104.76336385901348
7.53,104.76071194352429
7.54,104.75802644636515
7.55,104.75530732661711
7.5600000000000005,104.75255454329466
7.57,104.74976805534577
7.58,104.74694782165156
7.59,104.74409380102622
7.6000000000000005,104.74120595221697
7.61,104.73828423390377
7.62,104.73532860469928
7.63,104.73233902314868
7.640000000000001,104.72931544772962
7.65,104.72625783685196
7.66,104.72316614885771
7.67,104.72004034202081
7.68,104.71688037454717
7.69,104.71368620457427
7.7,104.71045779017126
7.71,104.70719508933873
7.72,104.70389806000847
7.73,104.70056666004349
7.74,104.69720084723778
7.75,104.69380057931622
7.76,104.69036581393442
7.7700000000000005,104.68689650867854
7.78,104.68339262106521
7.79,104.67985410854139
7.8,104.6762809284841
7.8100000000000005,104.6726730382005
7.82,104.66903039492747
7.83,104.66535295583179
7.84,104.6616406780097
7.8500000000000005,104.65789351848687
7.86,104.65411143421832
7.87,104.65029438208823
7.88,104.6464423189097
7.890000000000001,104.64255520142476
7.9,104.63863298630409
7.91,104.63467563014699
7.92,104.63068308948108
7.930000000000001,104.62665532076235
7.94,104.62259228037489
7.95,104.61849392463066
7.96,104.61436020976956
7.97,104.6101910919591
7.98,104.6059865272943
7.99,104.60174647179763
8.0,104.59747088141866
8.01,104.59315971203416
8.02,104.58881291944772
8.03,104.58443045938974
8.040000000000001,104.58001228751725
8.05,104.57555835941368
8.06,104.5710686305889
8.07,104.56654305647876
8.08,104.5619815924453
8.09,104.55738419377631
8.1,104.55275081568527
8.11,104.54808141331122
8.120000000000001,104.54337594171864
8.13,104.53863435589717
8.14,104.53385661076156
8.15,104.52904266115152
8.16,104.52419246183145
8.17,104.5193059674904
8.18,104.5143831327419
8.19,104.50942391212372
8.2,104.50442826009782
8.21,104.49939613105008
8.22,104.49432747929022
8.23,104.48922225905169
8.24,104.48408042449135
8.25,104.4789019296894
8.26,104.47368672864931
8.27,104.4684347752975
8.28,104.46314602348325
8.290000000000001,104.45782042697854
8.3,104.45245793947792
8.31,104.44705851459831
8.32,104.44162210587879
8.33,104.43614866678053
8.34,104.43063815068658
8.35,104.4250905109017
8.36,104.41950570065218
8.370000000000001,104.41388367308578
8.38,104.40822438127141
8.39,104.40252777819907
8.4,104.39679381677965
8.41,104.39102244984474
8.42,104.38521363014658
8.43,104.3793673103577
8.44,104.37348344307085
8.45,104.36756198079898
8.46,104.3616028759748
8.47,104.35560608095071
8.48,104.3495715479988
8.49,104.34349922931045
8.5,104.33738907699626
8.51,104.33124104308584
8.52,104.32505507952774
8.53,104.31883113818917
8.540000000000001,104.31256917085582
8.55,104.30626912923182
8.56,104.2999309649394
8.57,104.29355462951888
8.58,104.28714007442831
8.59,104.28068725104349
8.6,104.27419611065766
8.61,104.26766660448136
8.620000000000001,104.26109868364227
8.63,104.25449229918503
8.64,104.2478474020711
8.65,104.24116394317848
8.66,104.23444187330158
8.67,104.22768114315116
8.68,104.220881703354
8.69,104.21404350445269
8.700000000000001,104.20716649690567
8.71,104.2002506310868
8.72,104.19329585728536
8.73,104.1863021257058
8.74,104.17926938646745
8.75,104.17219758960466
8.76,104.16508668506623
8.77,104.15793662271541
8.78,104.15074735232984
8.790000000000001,104.14351882360113
8.8,104.13625098613483
8.81,104.12894378945018
8.82,104.1215971829799
8.83,104.11421111607018
8.84,104.10678553798026
8.85,104.09932039788235
8.86,104.0918156448615
8.870000000000001,104.08427122791532
8.88,104.07668709595379
8.89,104.0690631977992
8.9,104.06139948218579
8.91,104.05369589775967
8.92,104.0459523930786
8.93,104.03816891661182
8.94,104.0303454167398
8.950000000000001,104.02248184175413
8.96,104.01457813985726
8.97,104.00663425916237
8.98,103.9986501476931
8.99,103.9906257533834
9.0,103.98256102407741
9.01,103.97445590752913
9.02,103.96631035140229
9.03,103.95812430327015
9.040000000000001,103.94989771061536
9.05,103.94163052082965
9.06,103.93332268121372
9.07,103.924974138977
9.08,103.91658484123755
9.09,103.9081547350217
9.1,103.8996837672639
9.11,103.89117188480667
9.120000000000001,103.88261903440021
9.13,103.87402516270228
9.14,103.86539021627803
9.15,103.85671414159971
9.16,103.84799688504657
9.17,103.83923839290458
9.18,103.83043861136626
9.19,103.82159748653048
9.200000000000001,103.81271496440225
9.21,103.80379099089251
9.22,103.79482551181793
9.23,103.78581847290071
9.24,103.77676981976836
9.25,103.76767949795352
9.26,103.75854745289368
9.27,103.74937362993111
9.28,103.74015797431251
9.290000000000001,103.73090043118886
9.3,103.72160094561524
9.31,103.7122594625506
9.32,103.70287592685747
9.33,103.69345028330191
9.34,103.68398247655315
9.35,103.67447245118345
9.36,103.66492015166787
9.370000000000001,103.65532552238408
9.38,103.64568850761212
9.39,103.63600905153416
9.4,103.62628709823437
9.41,103.61652259169863
9.42,103.6067154758143
9.43,103.59686569437008
9.44,103.58697319105578
9.450000000000001,103.57703790946199
9.46,103.56705979308003
9.47,103.5570387853016
9.48,103.54697482941864
9.49,103.53686786862306
9.5,103.52671784600653
9.51,103.51652470456027
9.52,103.50628838717483
9.53,103.49600883663989
9.540000000000001,103.48568599564396
9.55,103.47531980677424
9.56,103.46491021251636
9.57,103.45445715525412
9.58,103.44396057726938
9.59,103.43342042074165
9.6,103.42283662774805
9.61,103.41220914026302
9.620000000000001,103.40153790015802
9.63,103.39082284920134
9.64,103.38006392905791
9.65,103.36926108128914
9.66,103.35841424735241
9.67,103.34752336860123
9.68,103.33658838628467
9.69,103.32560924154726
9.700000000000001,103.31458587542886
9.71,103.30351822886429
9.72,103.29240624268306
9.73,103.2812498576093
9.74,103.2700490142614
9.75,103.25880365315182
9.76,103.24751371468678
9.77,103.23617913916623
9.78,103.22479986678331
9.790000000000001,103.21337583762435
9.8,103.20190699166855
9.81,103.19039326878772
9.82,103.17883460874607
9.83,103.16723095119995
9.84,103.15558223569768
9.85,103.14388840167912
9.86,103.13214938847568
9.870000000000001,103.1203651353099
9.88,103.10853558129523
9.89,103.09666066543586
9.9,103.08474032662639
9.91,103.07277450365164
9.92,103.06076313518638
9.93,103.0487061597951
9.94,103.03660351593167
9.950000000000001,103.02445514193928
9.96,103.01226097605004
9.97,103.00002095638476
9.98,102.98773502095266
9.99,102.97540310765125
10.0,102.96302515426598
10.01,102.95060109846993
10.02,102.93813087782371
10.03,102.92561442977514
10.040000000000001,102.91305169165886
10.05,102.90044260069634
10.06,102.88778709399537
10.07,102.87508510854998
10.08,102.86233658124004
10.09,102.84954144883118
10.1,102.83669964797431
10.11,102.82381111520557
10.120000000000001,102.81087578694594
10.13,102.797893599501
10.14,102.78486448906068
10.15,102.77178839169906
10.16,102.75866524337395
10.17,102.74549497992686
10.18,102.73227753708242
10.19,102.71901285044846
10.200000000000001,102.70570085551549
10.21,102.69234148765649
10.22,102.67893468212678
10.23,102.66548037406356
10.24,102.65197849848572
10.25,102.63342784715618
10.26,102.6184258672873
10.27,102.6184258672873
10.28,102.6184258672873
10.290000000000001,102.6184258672873
10.3,102.6184258672873
10.31,102.6184258672873
10.32,102.6184258672873
10.33,102.6184258672873
10.34,102.6184258672873
10.35,102.6184258672873
10.36,102.6184258672873
10.370000000000001,102.6184258672873
10.38,102.6184258672873
10.39,102.6184258672873
10.4,102.6184258672873
10.41,102.6184258672873
10.42,102.6184258672873
10.43,102.6184258672873
10.44,102.6184258672873
10.450000000000001,102.6184258672873
10.46,102.6184258672873
10.47,102.6184258672873
10.48,102.6184258672873
10.49,102.6184258672873
10.5,102.6184258672873
10.51,102.6184258672873
10.52,102.6184258672873
10.53,102.6184258672873
10.540000000000001,102.6184258672873
10.55,102.6184258672873
10.56,102.6184258672873
10.57,102.6184258672873
10.58,102.6184258672873
10.59,102.6184258672873
10.6,102.6184258672873
10.61,102.6184258672873
10.620000000000001,102.6184258672873
10.63,102.6184258672873
10.64,102.6184258672873
10.65,102.6184258672873
10.66,102.6184258672873
10.67,102.6184258672873
10.68,102.6184258672873
10.69,102.6184258672873
10.700000000000001,102.6184258672873
10.71,102.6184258672873
10.72,102.6184258672873
10.73,102.6184258672873
10.74,102.6184258672873
10.75,102.6184258672873
10.76,102.6184258672873
10.77,102.6184258672873
10.78,102.6184258672873
10.790000000000001,102.6184258672873
10.8,102.6184258672873
10.81,102.6184258672873
10.82,102.6184258672873
10.83,102.6184258672873
10.84,102.6184258672873
10.85,102.6184258672873
10.86,102.6184258672873
10.870000000000001,102.6184258672873
10.88,102.6184258672873
10.89,102.6184258672873
10.9,102.6184258672873
10.91,102.6184258672873
10.92,102.6184258672873
10.93,102.6184258672873
10.94,102.6184258672873
10.950000000000001,102.6184258672873
10.96,102.6184258672873
10.97,102.6184258672873
10.98,102.6184258672873
10.99,102.6184258672873
11.0,102.6184258672873
11.01,102.6184258672873
11.02,102.6184258672873
11.03,102.6184258672873
11.040000000000001,102.6184258672873
11.05,102.6184258672873
11.06,102.6184258672873
11.07,102.6184258672873
11.08,102.6184258672873
11.09,102.6184258672873
11.1,102.6184258672873
11.11,102.6184258672873
11.120000000000001,102.6184258672873
11.13,102.6184258672873
11.14,102.6184258672873
11.15,102.6184258672873
11.16,102.6184258672873
11.17,102.6184258672873
11.18,102.6184258672873
11.19,102.6184258672873
11.200000000000001,102.6184258672873
11.21,102.6184258672873
11.22,102.6184258672873
11.23,102.6184258672873
11.24,102.6184258672873
11.25,102.6184258672873
11.26,102.6184258672873
11.27,102.6184258672873
11.28,102.6184258672873
11.290000000000001,102.6184258672873
11.3,102.6184258672873
11.31,102.6184258672873
11.32,102.6184258672873
11.33,102.6184258672873
11.34,102.6184258672873
11.35,102.6184258672873
11.36,102.6184258672873
11.370000000000001,102.6184258672873
11.38,102.6184258672873
11.39,102.6184258672873
11.4,102.6184258672873
11.41,102.6184258672873
11.42,102.6184258672873
11.43,102.6184258672873
11.44,102.6184258672873
11.450000000000001,102.6184258672873
11.46,102.6184258672873
11.47,102.6184258672873
11.48,102.6184258672873
11.49,102.6184258672873
11.5,102.6184258672873
11.51,102.6184258672873
11.52,102.6184258672873
11.53,102.6184258672873
11.540000000000001,102.6184258672873
11.55,102.6184258672873
11.56,102.6184258672873
11.57,102.6184258672873
11.58,102.6184258672873
11.59,102.6184258672873
11.6,102.6184258672873
11.61,102.6184258672873
11.620000000000001,102.6184258672873
11.63,102.6184258672873
11.64,102.6184258672873
11.65,102.6184258672873
11.66,102.6184258672873
11.67,102.6184258672873
11.68,102.6184258672873
11.69,102.6184258672873
11.700000000000001,102.6184258672873
11.71,102.6184258672873
11.72,102.6184258672873
11.73,102.6184258672873
11.74,102.6184258672873
11.75,102.6184258672873
11.76,102.6184258672873
11.77,102.6184258672873
11.78,102.6184258672873
11.790000000000001,102.6184258672873
11.8,102.6184258672873
11.81,102.6184258672873
11.82,102.6184258672873
11.83,102.6184258672873
11.84,102.6184258672873
11.85,102.6184258672873
11.86,102.6184258672873
11.870000000000001,102.6184258672873
11.88,102.6184258672873
11.89,102.6184258672873
11.9,102.6184258672873
11.91,102.6184258672873
11.92,102.6184258672873
11.93,102.6184258672873
11.94,102.6184258672873
11.950000000000001,102.6184258672873
11.96,102.6184258672873
11.97,102.6184258672873
11.98,102.6184258672873
11.99,102.6184258672873
12.0,102.6184258672873
12.01,102.6184258672873
12.02,102.6184258672873
12.030000000000001,102.6184258672873
12.040000000000001,102.6184258672873
12.05,102.6184258672873
12.06,102.6184258672873
12.07,102.6184258672873
12.08,102.6184258672873
12.09,102.6184258672873
12.1,102.6184258672873
12.11,102.6184258672873
12.120000000000001,102.6184258672873
12.13,102.6184258672873
12.14,102.6184258672873
12.15,102.6184258672873
12.16,102.6184258672873
12.17,102.6184258672873
12.18,102.6184258672873
12.19,102.6184258672873
12.200000000000001,102.6184258672873
12.21,102.6184258672873
12.22,102.6184258672873
12.23,102.6184258672873
12.24,102.6184258672873
12.25,102.6184258672873
12.26,102.6184258672873
12.27,102.6184258672873
12.280000000000001,102.6184258672873
12.290000000000001,102.6184258672873
12.3,102.6184258672873
12.31,102.6184258672873
12.32,102.6184258672873
12.33,102.6184258672873
12.34,102.6184258672873
12.35,102.6184258672873
12.36,102.6184258672873
12.370000000000001,102.6184258672873
12.38,102.6184258672873
12.39,102.6184258672873
12.4,102.6184258672873
12.41,102.6184258672873
12.42,102.6184258672873
12.43,102.6184258672873
12.44,102.6184258672873
12.450000000000001,102.6184258672873
12.46,102.6184258672873
12.47,102.6184258672873
12.48,102.6184258672873
12.49,102.6184258672873
12.5,102.6184258672873
12.51,102.6184258672873
12.52,102.6184258672873
12.530000000000001,102.6184258672873
12.540000000000001,102.6184258672873
12.55,102.6184258672873
12.56,102.6184258672873
12.57,102.6184258672873
12.58,102.6184258672873
12.59,102.6184258672873
12.6,102.6184258672873
12.61,102.6184258672873
12.620000000000001,102.6184258672873
12.63,102.6184258672873
12.64,102.6184258672873
12.65,102.6184258672873
12.66,102.6184258672873
12.67,102.6184258672873
12.68,102.6184258672873
12.69,102.6184258672873
12.700000000000001,102.6184258672873
12.71,102.6184258672873
12.72,102.6184258672873
12.73,102.6184258672873
12.74,102.6184258672873
12.75,102.6184258672873
12.76,102.6184258672873
12.77,102.6184258672873
12.780000000000001,102.6184258672873
12.790000000000001,102.6184258672873
12.8,102.6184258672873
12.81,102.6184258672873
12.82,102.6184258672873
12.83,102.6184258672873
12.84,102.6184258672873
12.85,102.6184258672873
12.86,102.6184258672873
12.870000000000001,102.6184258672873
12.88,102.6184258672873
12.89,102.6184258672873
12.9,102.6184258672873
12.91,102.6184258672873
12.92,102.6184258672873
12.93,102.6184258672873
12.94,102.6184258672873
12.950000000000001,102.6184258672873
12.96,102.6184258672873
12.97,102.6184258672873
12.98,102.6184258672873
12.99,102.6184258672873
13.0,102.6184258672873
13.01,102.6184258672873
13.02,102.6184258672873
13.030000000000001,102.6184258672873
13.040000000000001,102.6184258672873
13.05,102.6184258672873
13.06,102.6184258672873
13.07,102.6184258672873
13.08,102.6184258672873
13.09,102.6184258672873
13.1,102.6184258672873
13.11,102.6184258672873
13.120000000000001,102.6184258672873
13.13,102.6184258672873
13.14,102.6184258672873
13.15,102.6184258672873
13.16,102.6184258672873
13.17,102.6184258672873
13.18,102.6184258672873
13.19,102.6184258672873
13.200000000000001,102.6184258672873
13.21,102.6184258672873
13.22,102.6184258672873
13.23,102.6184258672873
13.24,102.6184258672873
13.25,102.6184258672873
13.26,102.6184258672873
13.27,102.6184258672873
13.280000000000001,102.6184258672873
13.290000000000001,102.6184258672873
13.3,102.6184258672873
13.31,102.6184258672873
13.32,102.6184258672873
13.33,102.6184258672873
13.34,102.6184258672873
13.35,102.6184258672873
13.36,102.6184258672873
13.370000000000001,102.6184258672873
13.38,102.6184258672873
13.39,102.6184258672873
13.4,102.6184258672873
13.41,102.6184258672873
13.42,102.6184258672873
13.43,102.6184258672873
13.44,102.6184258672873
13.450000000000001,102.6184258672873
13.46,102.6184258672873
13.47,102.6184258672873
13.48,102.6184258672873
13.49,102.6184258672873
13.5,102.6184258672873
13.51,102.6184258672873
13.52,102.6184258672873
13.530000000000001,102.6184258672873
13.540000000000001,102.6184258672873
13.55,102.6184258672873
13.56,102.6184258672873
13.57,102.6184258672873
13.58,102.6184258672873
13.59,102.6184258672873
13.6,102.6184258672873
13.61,102.6184258672873
13.620000000000001,102.6184258672873
13.63,102.6184258672873
13.64,102.6184258672873
13.65,102.6184258672873
13.66,102.6184258672873
13.67,102.6184258672873
13.68,102.6184258672873
13.69,102.6184258672873
13.700000000000001,102.6184258672873
13.71,102.6184258672873
13.72,102.6184258672873
13.73,102.6184258672873
13.74,102.6184258672873
13.75,102.6184258672873
13.76,102.6184258672873
13.77,102.6184258672873
13.780000000000001,102.6184258672873
13.790000000000001,102.6184258672873
13.8,102.6184258672873
13.81,102.6184258672873
13.82,102.6184258672873
13.83,102.6184258672873
13.84,102.6184258672873
13.85,102.6184258672873
13.86,102.6184258672873
13.870000000000001,102.6184258672873
13.88,102.6184258672873
13.89,102.6184258672873
13.9,102.6184258672873
13.91,102.6184258672873
13.92,102.6184258672873
13.93,102.6184258672873
13.94,102.6184258672873
13.950000000000001,102.6184258672873
13.96,102.6184258672873
13.97,102.6184258672873
13.98,102.6184258672873
13.99,102.6184258672873
14.0,102.6184258672873
14.01,102.6184258672873
14.02,102.6184258672873
14.030000000000001,102.6184258672873
14.040000000000001,102.6184258672873
14.05,102.6184258672873
14.06,102.6184258672873
14.07,102.6184258672873
14.08,102.6184258672873
14.09,102.6184258672873
14.1,102.6184258672873
14.11,102.6184258672873
14.120000000000001,102.6184258672873
14.13,102.6184258672873
14.14,102.6184258672873
14.15,102.6184258672873
14.16,102.6184258672873
14.17,102.6184258672873
14.18,102.6184258672873
14.19,102.6184258672873
14.200000000000001,102.6184258672873
14.21,102.6184258672873
14.22,102.6184258672873
14.23,102.6184258672873
14.24,102.6184258672873
14.25,102.6184258672873
14.26,102.6184258672873
14.27,102.6184258672873
14.280000000000001,102.6184258672873
14.290000000000001,102.6184258672873
14.3,102.6184258672873
14.31,102.6184258672873
14.32,102.6184258672873
14.33,102.6184258672873
14.34,102.6184258672873
14.35,102.6184258672873
14.36,102.6184258672873
14.370000000000001,102.6184258672873
14.38,102.6184258672873
14.39,102.6184258672873
14.4,102.6184258672873
14.41,102.6184258672873
14.42,102.6184258672873
14.43,102.6184258672873
14.44,102.6184258672873
14.450000000000001,102.6184258672873
14.46,102.6184258672873
14.47,102.6184258672873
14.48,102.6184258672873
14.49,102.6184258672873
14.5,102.6184258672873
14.51,102.6184258672873
14.52,102.6184258672873
14.530000000000001,102.6184258672873
14.540000000000001,102.6184258672873
14.55,102.6184258672873
14.56,102.6184258672873
14.57,102.6184258672873
14.58,102.6184258672873
14.59,102.6184258672873
14.6,102.6184258672873
14.61,102.6184258672873
14.620000000000001,102.6184258672873
14.63,102.6184258672873
14.64,102.6184258672873
14.65,102.6184258672873
14.66,102.6184258672873
14.67,102.6184258672873
14.68,102.6184258672873
14.69,102.6184258672873
14.700000000000001,102.6184258672873
14.71,102.6184258672873
14.72,102.6184258672873
14.73,102.6184258672873
14.74,102.6184258672873
14.75,102.6184258672873
14.76,102.6184258672873
14.77,102.6184258672873
14.780000000000001,102.6184258672873
14.790000000000001,102.6184258672873
14.8,102.6184258672873
14.81,102.6184258672873
14.82,102.6184258672873
14.83,102.6184258672873
14.84,102.6184258672873
14.85,102.6184258672873
14.86,102.6184258672873
14.870000000000001,102.6184258672873
14.88,102.6184258672873
14.89,102.6184258672873
14.9,102.6184258672873
14.91,102.6184258672873
14.92,102.6184258672873
14.93,102.6184258672873
14.94,102.6184258672873
14.950000000000001,102.6184258672873
14.96,102.6184258672873
14.97,102.6184258672873
14.98,102.6184258672873
14.99,102.6184258672873
15.0,102.6184258672873
15.01,102.6184258672873
15.02,102.6184258672873
15.030000000000001,102.6184258672873
15.040000000000001,102.6184258672873
15.05,102.6184258672873
15.06,102.6184258672873
15.07,102.6184258672873
15.08,102.6184258672873
15.09,102.6184258672873
15.1,102.6184258672873
15.11,102.6184258672873
15.120000000000001,102.6184258672873
15.13,102.6184258672873
15.14,102.6184258672873
15.15,102.6184258672873
15.16,102.6184258672873
15.17,102.6184258672873
15.18,102.6184258672873
15.19,102.6184258672873
15.200000000000001,102.6184258672873
15.21,102.6184258672873
15.22,102.6184258672873
15.23,102.6184258672873
15.24,102.6184258672873
15.25,102.6184258672873
15.26,102.6184258672873
15.27,102.6184258672873
15.280000000000001,102.6184258672873
15.290000000000001,102.6184258672873
15.3,102.6184258672873
15.31,102.6184258672873
15.32,102.6184258672873
15.33,102.6184258672873
15.34,102.6184258672873
15.35,102.6184258672873
15.36,102.6184258672873
15.370000000000001,102.6184258672873
15.38,102.6184258672873
15.39,102.6184258672873
15.4,102.6184258672873
15.41,102.6184258672873
15.42,102.6184258672873
15.43,102.6184258672873
15.44,102.6184258672873
15.450000000000001,102.6184258672873
15.46,102.6184258672873
15.47,102.6184258672873
15.48,102.6184258672873
15.49,102.6184258672873
15.5,102.6184258672873
15.51,102.6184258672873
15.52,102.6184258672873
15.530000000000001,102.6184258672873
15.540000000000001,102.6184258672873
15.55,102.6184258672873
15.56,102.6184258672873
15.57,102.6184258672873
15.58,102.6184258672873
15.59,102.6184258672873
15.6,102.6184258672873
15.610000000000001,102.6184258672873
15.620000000000001,102.6184258672873
15.63,102.6184258672873
15.64,102.6184258672873
15.65,102.6184258672873
15.66,102.6184258672873
15.67,102.6184258672873
15.68,102.6184258672873
15.69,102.6184258672873
15.700000000000001,102.6184258672873
15.71,102.6184258672873
15.72,102.6184258672873
15.73,102.6184258672873
15.74,102.6184258672873
15.75,102.6184258672873
15.76,102.6184258672873
15.77,102.6184258672873
15.780000000000001,102.6184258672873
15.790000000000001,102.6184258672873
15.8,102.6184258672873
15.81,102.6184258672873
15.82,102.6184258672873
15.83,102.6184258672873
15.84,102.6184258672873
15.85,102.6184258672873
15.860000000000001,102.6184258672873
15.870000000000001,102.6184258672873
15.88,102.6184258672873
15.89,102.6184258672873
15.9,102.6184258672873
15.91,102.6184258672873
15.92,102.6184258672873
15.93,102.6184258672873
15.94,102.6184258672873
15.950000000000001,102.6184258672873
15.96,102.6184258672873
15.97,102.6184258672873
15.98,102.6184258672873
15.99,102.6184258672873
16.0,102.6184258672873
16.01,102.6184258672873
16.02,102.6184258672873
16.03,102.6184258672873
16.04,102.6184258672873
16.05,102.6184258672873
16.06,102.6184258672873
16.07,102.6184258672873
16.080000000000002,102.6184258672873
16.09,102.6184258672873
16.1,102.6184258672873
16.11,102.6184258672873
16.12,102.6184258672873
16.13,102.6184258672873
16.14,102.6184258672873
16.15,102.6184258672873
16.16,102.6184258672873
16.17,102.6184258672873
16.18,102.6184258672873
16.19,102.6184258672873
16.2,102.6184258672873
16.21,102.6184258672873
16.22,102.6184258672873
16.23,102.6184258672873
16.240000000000002,102.6184258672873
16.25,102.6184258672873
16.26,102.6184258672873
16.27,102.6184258672873
16.28,102.6184258672873
16.29,102.6184258672873
16.3,102.6184258672873
16.31,102.6184258672873
16.32,102.6184258672873
16.330000000000002,102.6184258672873
16.34,102.6184258672873
16.35,102.6184258672873
16.36,102.6184258672873
16.37,102.6184258672873
16.38,102.6184258672873
16.39,102.6184258672873
16.4,102.6184258672873
16.41,102.6184258672873
16.42,102.6184258672873
16.43,102.6184258672873
16.44,102.6184258672873
16.45,102.6184258672873
16.46,102.6184258672873
16.47,102.6184258672873
16.48,102.6184258672873
16.490000000000002,102.6184258672873
16.5,102.6184258672873
16.51,102.6184258672873
16.52,102.6184258672873
16.53,102.6184258672873
16.54,102.6184258672873
16.55,102.6184258672873
16.56,102.6184258672873
16.57,102.6184258672873
16.580000000000002,102.6184258672873
16.59,102.6184258672873
16.6,102.6184258672873
16.61,102.6184258672873
16.62,102.6184258672873
16.63,102.6184258672873
16.64,102.6184258672873
16.65,102.6184258672873
16.66,102.6184258672873
16.67,102.6184258672873
16.68,102.6184258672873
16.69,102.6184258672873
16.7,102.6184258672873
16.71,102.6184258672873
16.72,102.6184258672873
16.73,102.6184258672873
16.740000000000002,102.6184258672873
16.75,102.6184258672873
16.76,102.6184258672873
16.77,102.6184258672873
16.78,102.6184258672873
16.79,102.6184258672873
16.8,102.6184258672873
16.81,102.6184258672873
16.82,102.6184258672873
16.830000000000002,102.6184258672873
16.84,102.6184258672873
16.85,102.6184258672873
16.86,102.6184258672873
16.87,102.6184258672873
16.88,102.6184258672873
16.89,102.6184258672873
16.9,102.6184258672873
16.91,102.6184258672873
16.92,102.6184258672873
16.93,102.6184258672873
16.94,102.6184258672873
16.95,102.6184258672873
16.96,102.6184258672873
16.97,102.6184258672873
16.98,102.6184258672873
16.990000000000002,102.6184258672873
17.0,102.6184258672873
17.01,102.6184258672873
17.02,102.6184258672873
17.03,102.6184258672873
17.04,102.6184258672873
17.05,102.6184258672873
17.06,102.6184258672873
17.07,102.6184258672873
17.080000000000002,102.6184258672873
17.09,102.6184258672873
17.1,102.6184258672873
17.11,102.6184258672873
17.12,102.6184258672873
17.13,102.6184258672873
17.14,102.6184258672873
17.150000000000002,102.6184258672873
17.16,102.6184258672873
17.17,102.6184258672873
17.18,102.6184258672873
17.19,102.6184258672873
17.2,102.6184258672873
17.21,102.6184258672873
17.22,102.6184258672873
17.23,102.6184258672873
17.240000000000002,102.6184258672873
17.25,102.6184258672873
17.26,102.6184258672873
17.27,102.6184258672873
17.28,102.6184258672873
17.29,102.6184258672873
17.3,102.6184258672873
17.31,102.6184258672873
17.32,102.6184258672873
17.330000000000002,102.6184258672873
17.34,102.6184258672873
17.35,102.6184258672873
17.36,102.6184258672873
17.37,102.6184258672873
17.38,102.6184258672873
17.39,102.6184258672873
17.400000000000002,102.6184258672873
17.41,102.6184258672873
17.42,102.6184258672873
17.43,102.6184258672873
17.44,102.6184258672873
17.45,102.6184258672873
17.46,102.6184258672873
17.47,102.6184258672873
17.48,102.6184258672873
17.490000000000002,102.6184258672873
17.5,102.6184258672873
17.51,102.6184258672873
17.52,102.6184258672873
17.53,102.6184258672873
17.54,102.6184258672873
17.55,102.6184258672873
17.56,102.6184258672873
17.57,102.6184258672873
17.580000000000002,102.6184258672873
17.59,102.6184258672873
17.6,102.6184258672873
17.61,102.6184258672873
17.62,102.6184258672873
17.63,102.6184258672873
17.64,102.6184258672873
17.650000000000002,102.6184258672873
17.66,102.6184258672873
17.67,102.6184258672873
17.68,102.6184258672873
17.69,102.6184258672873
17.7,102.6184258672873
17.71,102.6184258672873
17.72,102.6184258672873
17.73,102.6184258672873
17.740000000000002,102.6184258672873
17.75,102.6184258672873
17.76,102.6184258672873
17.77,102.6184258672873
17.78,102.6184258672873
17.79,102.6184258672873
17.8,102.6184258672873
17.81,102.6184258672873
17.82,102.6184258672873
17.830000000000002,102.6184258672873
17.84,102.6184258672873
17.85,102.6184258672873
17.86,102.6184258672873
17.87,102.6184258672873
17.88,102.6184258672873
17.89,102.6184258672873
17.900000000000002,102.6184258672873
17.91,102.6184258672873
17.92,102.6184258672873
17.93,102.6184258672873
17.94,102.6184258672873
17.95,102.6184258672873
17.96,102.6184258672873
17.97,102.6184258672873
17.98,102.6184258672873
17.990000000000002,102.6184258672873
18.0,102.6184258672873
18.01,102.6184258672873
18.02,102.6184258672873
18.03,102.6184258672873
18.04,102.6184258672873
18.05,102.6184258672873
18.06,102.6184258672873
18.07,102.6184258672873
18.080000000000002,102.6184258672873
18.09,102.6184258672873
18.1,102.6184258672873
18.11,102.6184258672873
18.12,102.6184258672873
18.13,102.6184258672873
18.14,102.6184258672873
18.150000000000002,102.6184258672873
18.16,102.6184258672873
18.17,102.6184258672873
18.18,102.6184258672873
18.19,102.6184258672873
18.2,102.6184258672873
18.21,102.6184258672873
18.22,102.6184258672873
18.23,102.6184258672873
18.240000000000002,102.6184258672873
18.25,102.6184258672873
18.26,102.6184258672873
18.27,102.6184258672873
18.28,102.6184258672873
18.29,102.6184258672873
18.3,102.6184258672873
18.31,102.6184258672873
18.32,102.6184258672873
18.330000000000002,102.6184258672873
18.34,102.6184258672873
18.35,102.6184258672873
18.36,102.6184258672873
18.37,102.6184258672873
18.38,102.6184258672873
18.39,102.6184258672873
18.400000000000002,102.6184258672873
18.41,102.6184258672873
18.42,102.6184258672873
18.43,102.6184258672873
18.44,102.6184258672873
18.45,102.6184258672873
18.46,102.6184258672873
18.47,102.6184258672873
18.48,102.6184258672873
18.490000000000002,102.6184258672873
18.5,102.6184258672873
18.51,102.6184258672873
18.52,102.6184258672873
18.53,102.6184258672873
18.54,102.6184258672873
18.55,102.6184258672873
18.56,102.6184258672873
18.57,102.6184258672873
18.580000000000002,102.6184258672873
18.59,102.6184258672873
18.6,102.6184258672873
18.61,102.6184258672873
18.62,102.6184258672873
18.63,102.6184258672873
18.64,102.6184258672873
18.650000000000002,102.6184258672873
18.66,102.6184258672873
18.67,102.6184258672873
18.68,102.6184258672873
18.69,102.6184258672873
18.7,102.6184258672873
18.71,102.6184258672873
18.72,102.6184258672873
18.73,102.6184258672873
18.740000000000002,102.6184258672873
18.75,102.6184258672873
18.76,102.6184258672873
18.77,102.6184258672873
18.78,102.6184258672873
18.79,102.6184258672873
18.8,102.6184258672873
18.81,102.6184258672873
18.82,102.6184258672873
18.830000000000002,102.6184258672873
18.84,102.6184258672873
18.85,102.6184258672873
18.86,102.6184258672873
18.87,102.6184258672873
18.88,102.6184258672873
18.89,102.6184258672873
18.900000000000002,102.6184258672873
18.91,102.6184258672873
18.92,102.6184258672873
18.93,102.6184258672873
18.94,102.6184258672873
18.95,102.6184258672873
18.96,102.6184258672873
18.97,102.6184258672873
18.98,102.6184258672873
18.990000000000002,102.6184258672873
19.0,102.6184258672873
19.01,102.6184258672873
19.02,102.6184258672873
19.03,102.6184258672873
19.04,102.6184258672873
19.05,102.6184258672873
19.06,102.6184258672873
19.07,102.6184258672873
19.080000000000002,102.6184258672873
19.09,102.6184258672873
19.1,102.6184258672873
19.11,102.6184258672873
19.12,102.6184258672873
19.13,102.6184258672873
19.14,102.6184258672873
19.150000000000002,102.6184258672873
19.16,102.6184258672873
19.17,102.6184258672873
19.18,102.6184258672873
19.19,102.6184258672873
19.2,102.6184258672873
19.21,102.6184258672873
19.22,102.6184258672873
19.23,102.6184258672873
19.240000000000002,102.6184258672873
19.25,102.6184258672873
19.26,102.6184258672873
19.27,102.6184258672873
19.28,102.6184258672873
19.29,102.6184258672873
19.3,102.6184258672873
19.31,102.6184258672873
19.32,102.6184258672873
19.330000000000002,102.6184258672873
19.34,102.6184258672873
19.35,102.6184258672873
19.36,102.6184258672873
19.37,102.6184258672873
19.38,102.6184258672873
19.39,102.6184258672873
19.400000000000002,102.6184258672873
19.41,102.6184258672873
19.42,102.6184258672873
19.43,102.6184258672873
19.44,102.6184258672873
19.45,102.6184258672873
19.46,102.6184258672873
19.47,102.6184258672873
19.48,102.6184258672873
19.490000000000002,102.6184258672873
19.5,102.6184258672873
19.51,102.6184258672873
19.52,102.6184258672873
19.53,102.6184258672873
19.54,102.6184258672873
19.55,102.6184258672873
19.56,102.6184258672873
19.57,102.6184258672873
19.580000000000002,102.6184258672873
19.59,102.6184258672873
19.6,102.6184258672873
19.61,102.6184258672873
19.62,102.6184258672873
19.63,102.6184258672873
19.64,102.6184258672873
19.650000000000002,102.6184258672873
19.66,102.6184258672873
19.67,102.6184258672873
19.68,102.6184258672873
19.69,102.6184258672873
19.7,102.6184258672873
19.71,102.6184258672873
19.72,102.6184258672873
19.73,102.6184258672873
19.740000000000002,102.6184258672873
19.75,102.6184258672873
19.76,102.6184258672873
19.77,102.6184258672873
19.78,102.6184258672873
19.79,102.6184258672873
19.8,102.6184258672873
19.81,102.6184258672873
19.82,102.6184258672873
19.830000000000002,102.6184258672873
19.84,102.6184258672873
19.85,102.6184258672873
19.86,102.6184258672873
19.87,102.6184258672873
19.88,102.6184258672873
19.89,102.6184258672873
19.900000000000002,102.6184258672873
19.91,102.6184258672873
19.92,102.6184258672873
19.93,102.6184258672873
19.94,102.6184258672873
19.95,102.6184258672873
19.96,102.6184258672873
19.97,102.6184258672873
19.98,102.6184258672873
19.990000000000002,102.6184258672873
20.0,102.6184258672873
20.01,102.6184258672873
20.02,102.6184258672873
20.03,102.6184258672873
20.04,102.6184258672873
20.05,102.6184258672873
20.06,102.6184258672873
20.07,102.6184258672873
20.080000000000002,102.6184258672873
20.09,102.6184258672873
20.1,102.6184258672873
20.11,102.6184258672873
20.12,102.6184258672873
20.13,102.6184258672873
20.14,102.6184258672873
20.150000000000002,102.6184258672873
20.16,102.6184258672873
20.17,102.6184258672873
20.18,102.6184258672873
20.19,102.6184258672873
20.2,102.6184258672873
20.21,102.6184258672873
20.22,102.6184258672873
20.23,102.6184258672873
20.240000000000002,102.6184258672873
20.25,102.6184258672873
20.26,102.6184258672873
20.27,102.6184258672873
20.28,102.6184258672873
20.29,102.6184258672873
20.3,102.6184258672873
20.31,102.6184258672873
20.32,102.6184258672873
20.330000000000002,102.6184258672873
20.34,102.6184258672873
20.35,102.6184258672873
20.36,102.6184258672873
20.37,102.6184258672873
20.38,102.6184258672873
20.39,102.6184258672873
20.400000000000002,102.6184258672873
20.41,102.6184258672873
20.42,102.6184258672873
20.43,102.6184258672873
20.44,102.6184258672873
20.45,102.6184258672873
20.46,102.6184258672873
20.47,102.6184258672873
20.48,102.6184258672873
20.490000000000002,102.6184258672873
20.5,102.6184258672873
20.51,102.6184258672873
20.52,102.6184258672873
20.53,102.6184258672873
20.54,102.6184258672873
20.55,102.6184258672873
20.56,102.6184258672873
20.57,102.6184258672873
20.580000000000002,102.6184258672873
20.59,102.6184258672873
20.6,102.6184258672873
20.61,102.6184258672873
20.62,102.6184258672873
20.63,102.6184258672873
20.64,102.6184258672873
20.650000000000002,102.6184258672873
20.66,102.6184258672873
20.67,102.6184258672873
20.68,102.6184258672873
20.69,102.6184258672873
20.7,102.6184258672873
20.71,102.6184258672873
20.72,102.6184258672873
20.73,102.6184258672873
20.740000000000002,102.6184258672873
20.75,102.6184258672873
20.76,102.6184258672873
20.77,102.6184258672873
20.78,102.6184258672873
20.79,102.6184258672873
20.8,102.6184258672873
20.81,102.6184258672873
20.82,102.6184258672873
20.830000000000002,102.6184258672873
20.84,102.6184258672873
20.85,102.6184258672873
20.86,102.6184258672873
20.87,102.6184258672873
20.88,102.6184258672873
20.89,102.6184258672873
20.900000000000002,102.6184258672873
20.91,102.6184258672873
20.92,102.6184258672873
20.93,102.6184258672873
20.94,102.6184258672873
20.95,102.6184258672873
20.96,102.6184258672873
20.97,102.6184258672873
20.98,102.6184258672873
20.990000000000002,102.6184258672873
21.0,102.6184258672873
21.01,102.6184258672873
21.02,102.6184258672873
21.03,102.6184258672873
21.04,102.6184258672873
21.05,102.6184258672873
21.06,102.6184258672873
21.07,102.6184258672873
21.080000000000002,102.6184258672873
21.09,102.6184258672873
21.1,102.6184258672873
21.11,102.6184258672873
21.12,102.6184258672873
21.13,102.6184258672873
21.14,102.6184258672873
21.150000000000002,102.6184258672873
21.16,102.6184258672873
21.17,102.6184258672873
21.18,102.6184258672873
21.19,102.6184258672873
21.2,102.6184258672873
21.21,102.6184258672873
21.22,102.6184258672873
21.23,102.6184258672873
21.240000000000002,102.6184258672873
21.25,102.6184258672873
21.26,102.6184258672873
21.27,102.6184258672873
21.28,102.6184258672873
21.29,102.6184258672873
21.3,102.6184258672873
21.31,102.6184258672873
21.32,102.6184258672873
21.330000000000002,102.6184258672873
21.34,102.6184258672873
21.35,102.6184258672873
21.36,102.6184258672873
21.37,102.6184258672873
21.38,102.6184258672873
21.39,102.6184258672873
21.400000000000002,102.6184258672873
21.41,102.6184258672873
21.42,102.6184258672873
21.43,102.6184258672873
21.44,102.6184258672873
21.45,102.6184258672873
21.46,102.6184258672873
21.47,102.6184258672873
21.48,102.6184258672873
21.490000000000002,102.6184258672873
21.5,102.6184258672873
21.51,102.6184258672873
21.52,102.6184258672873
21.53,102.6184258672873
21.54,102.6184258672873
21.55,102.6184258672873
21.56,102.6184258672873
21.57,102.6184258672873
21.580000000000002,102.6184258672873
21.59,102.6184258672873
21.6,102.6184258672873
21.61,102.6184258672873
21.62,102.6184258672873
21.63,102.6184258672873
21.64,102.6184258672873
21.650000000000002,102.6184258672873
21.66,102.6184258672873
21.67,102.6184258672873
21.68,102.6184258672873
21.69,102.6184258672873
21.7,102.6184258672873
21.71,102.6184258672873
21.72,102.6184258672873
21.73,102.6184258672873
21.740000000000002,102.6184258672873
21.75,102.6184258672873
21.76,102.6184258672873
21.77,102.6184258672873
21.78,102.6184258672873
21.79,102.6184258672873
21.8,102.6184258672873
21.81,102.6184258672873
21.82,102.6184258672873
21.830000000000002,102.6184258672873
21.84,102.6184258672873
21.85,102.6184258672873
21.86,102.6184258672873
21.87,102.6184258672873
21.88,102.6184258672873
21.89,102.6184258672873
21.900000000000002,102.6184258672873
21.91,102.6184258672873
21.92,102.6184258672873
21.93,102.6184258672873
21.94,102.6184258672873
21.95,102.6184258672873
21.96,102.6184258672873
21.97,102.6184258672873
21.98,102.6184258672873
21.990000000000002,102.6184258672873
22.0,102.6184258672873
22.01,102.6184258672873
22.02,102.6184258672873
22.03,102.6184258672873
22.04,102.6184258672873
22.05,102.6184258672873
22.06,102.6184258672873
22.07,102.6184258672873
22.080000000000002,102.6184258672873
22.09,102.6184258672873
22.1,102.6184258672873
22.11,102.6184258672873
22.12,102.6184258672873
22.13,102.6184258672873
22.14,102.6184258672873
22.150000000000002,102.6184258672873
22.16,102.6184258672873
22.17,102.6184258672873
22.18,102.6184258672873
22.19,102.6184258672873
22.2,102.6184258672873
22.21,102.6184258672873
22.22,102.6184258672873
22.23,102.6184258672873
22.240000000000002,102.6184258672873
22.25,102.6184258672873
22.26,102.6184258672873
22.27,102.6184258672873
22.28,102.6184258672873
22.29,102.6184258672873
22.3,102.6184258672873
22.31,102.6184258672873
22.32,102.6184258672873
22.330000000000002,102.6184258672873
22.34,102.6184258672873
22.35,102.6184258672873
22.36,102.6184258672873
22.37,102.6184258672873
22.38,102.6184258672873
22.39,102.6184258672873
22.400000000000002,102.6184258672873
22.41,102.6184258672873
22.42,102.6184258672873
22.43,102.6184258672873
22.44,102.6184258672873
22.45,102.6184258672873
22.46,102.6184258672873
22.47,102.6184258672873
22.48,102.6184258672873
22.490000000000002,102.6184258672873
22.5,102.6184258672873
22.51,102.6184258672873
22.52,102.6184258672873
22.53,102.6184258672873
22.54,102.6184258672873
22.55,102.6184258672873
22.56,102.6184258672873
22.57,102.6184258672873
22.580000000000002,102.6184258672873
22.59,102.6184258672873
22.6,102.6184258672873
22.61,102.6184258672873
22.62,102.6184258672873
22.63,102.6184258672873
22.64,102.6184258672873
22.650000000000002,102.6184258672873
22.66,102.6184258672873
22.67,102.6184258672873
22.68,102.6184258672873
22.69,102.6184258672873
22.7,102.6184258672873
22.71,102.6184258672873
22.72,102.6184258672873
22.73,102.6184258672873
22.740000000000002,102.6184258672873
22.75,102.6184258672873
22.76,102.6184258672873
22.77,102.6184258672873
22.78,102.6184258672873
22.79,102.6184258672873
22.8,102.6184258672873
22.81,102.6184258672873
22.82,102.6184258672873
22.830000000000002,102.6184258672873
22.84,102.6184258672873
22.85,102.6184258672873
22.86,102.6184258672873
22.87,102.6184258672873
22.88,102.6184258672873
22.89,102.6184258672873
22.900000000000002,102.6184258672873
22.91,102.6184258672873
22.92,102.6184258672873
22.93,102.6184258672873
22.94,102.6184258672873
22.95,102.6184258672873
22.96,102.6184258672873
22.97,102.6184258672873
22.98,102.6184258672873
22.990000000000002,102.6184258672873
23.0,102.6184258672873
23.01,102.6184258672873
23.02,102.6184258672873
23.03,102.6184258672873
23.04,102.6184258672873
23.05,102.6184258672873
23.06,102.6184258672873
23.07,102.6184258672873
23.080000000000002,102.6184258672873
23.09,102.6184258672873
23.1,102.6184258672873
23.11,102.6184258672873
23.12,102.6184258672873
23.13,102.6184258672873
23.14,102.6184258672873
23.150000000000002,102.6184258672873
23.16,102.6184258672873
23.17,102.6184258672873
23.18,102.6184258672873
23.19,102.6184258672873
23.2,102.6184258672873
23.21,102.6184258672873
23.22,102.6184258672873
23.23,102.6184258672873
23.240000000000002,102.6184258672873
23.25,102.6184258672873
23.26,102.6184258672873
23.27,102.6184258672873
23.28,102.6184258672873
23.29,102.6184258672873
23.3,102.6184258672873
23.31,102.6184258672873
23.32,102.6184258672873
23.330000000000002,102.6184258672873
23.34,102.6184258672873
23.35,102.6184258672873
23.36,102.6184258672873
23.37,102.6184258672873
23.38,102.6184258672873
23.39,102.6184258672873
23.400000000000002,102.6184258672873
23.41,102.6184258672873
23.42,102.6184258672873
23.43,102.6184258672873
23.44,102.6184258672873
23.45,102.6184258672873
23.46,102.6184258672873
23.47,102.6184258672873
23.48,102.6184258672873
23.490000000000002,102.6184258672873
23.5,102.6184258672873
23.51,102.6184258672873
23.52,102.6184258672873
23.53,102.6184258672873
23.54,102.6184258672873
23.55,102.6184258672873
23.56,102.6184258672873
23.57,102.6184258672873
23.580000000000002,102.6184258672873
23.59,102.6184258672873
23.6,102.6184258672873
23.61,102.6184258672873
23.62,102.6184258672873
23.63,102.6184258672873
23.64,102.6184258672873
23.650000000000002,102.6184258672873
23.66,102.6184258672873
23.67,102.6184258672873
23.68,102.6184258672873
23.69,102.6184258672873
23.7,102.6184258672873
23.71,102.6184258672873
23.72,102.6184258672873
23.73,102.6184258672873
23.740000000000002,102.6184258672873
23.75,102.6184258672873
23.76,102.6184258672873
23.77,102.6184258672873
23.78,102.6184258672873
23.79,102.6184258672873
23.8,102.6184258672873
23.81,102.6184258672873
23.82,102.6184258672873
23.830000000000002,102.6184258672873
23.84,102.6184258672873
23.85,102.6184258672873
23.86,102.6184258672873
23.87,102.6184258672873
23.88,102.6184258672873
23.89,102.6184258672873
23.900000000000002,102.6184258672873
23.91,102.6184258672873
23.92,102.6184258672873
23.93,102.6184258672873
23.94,102.6184258672873
23.95,102.6184258672873
23.96,102.6184258672873
23.97,102.6184258672873
23.98,102.6184258672873
23.990000000000002,102.6184258672873
24.0,102.6184258672873
24.01,102.6184258672873
24.02,102.6184258672873
24.03,102.6184258672873
24.04,102.6184258672873
24.05,102.6184258672873
24.060000000000002,102.6184258672873
24.07,102.6184258672873
24.080000000000002,102.6184258672873
24.09,102.6184258672873
24.1,102.6184258672873
24.11,102.6184258672873
24.12,102.6184258672873
24.13,102.6184258672873
24.14,102.6184258672873
24.150000000000002,102.6184258672873
24.16,102.6184258672873
24.17,102.6184258672873
24.18,102.6184258672873
24.19,102.6184258672873
24.2,102.6184258672873
24.21,102.6184258672873
24.22,102.6184258672873
24.23,102.6184258672873
24.240000000000002,102.6184258672873
24.25,102.6184258672873
24.26,102.6184258672873
24.27,102.6184258672873
24.28,102.6184258672873
24.29,102.6184258672873
24.3,102.6184258672873
24.310000000000002,102.6184258672873
24.32,102.6184258672873
24.330000000000002,102.6184258672873
24.34,102.6184258672873
24.35,102.6184258672873
24.36,102.6184258672873
24.37,102.6184258672873
24.38,102.6184258672873
24.39,102.6184258672873
24.400000000000002,102.6184258672873
24.41,102.6184258672873
24.42,102.6184258672873
24.43,102.6184258672873
24.44,102.6184258672873
24.45,102.6184258672873
24.46,102.6184258672873
24.47,102.6184258672873
24.48,102.6184258672873
24.490000000000002,102.6184258672873
24.5,102.6184258672873
24.51,102.6184258672873
24.52,102.6184258672873
24.53,102.6184258672873
24.54,102.6184258672873
24.55,102.6184258672873
24.560000000000002,102.6184258672873
24.57,102.6184258672873
24.580000000000002,102.6184258672873
24.59,102.6184258672873
24.6,102.6184258672873
24.61,102.6184258672873
24.62,102.6184258672873
24.63,102.6184258672873
24.64,102.6184258672873
24.650000000000002,102.6184258672873
24.66,102.6184258672873
24.67,102.6184258672873
24.68,102.6184258672873
24.69,102.6184258672873
24.7,102.6184258672873
24.71,102.6184258672873
24.72,102.6184258672873
24.73,102.6184258672873
24.740000000000002,102.6184258672873
24.75,102.6184258672873
24.76,102.6184258672873
24.77,102.6184258672873
24.78,102.6184258672873
24.79,102.6184258672873
24.8,102.6184258672873
24.810000000000002,102.6184258672873
24.82,102.6184258672873
24.830000000000002,102.6184258672873
24.84,102.6184258672873
24.85,102.6184258672873
24.86,102.6184258672873
24.87,102.6184258672873
24.88,102.6184258672873
24.89,102.6184258672873
24.900000000000002,102.6184258672873
24.91,102.6184258672873
24.92,102.6184258672873
24.93,102.6184258672873
24.94,102.6184258672873
24.95,102.6184258672873
24.96,102.6184258672873
24.97,102.6184258672873
24.98,102.6184258672873
24.990000000000002,102.6184258672873
25.0,102.6184258672873
25.01,102.6184258672873
25.02,102.6184258672873
25.03,102.6184258672873
25.04,102.6184258672873
25.05,102.6184258672873
25.060000000000002,102.6184258672873
25.07,102.6184258672873
25.080000000000002,102.6184258672873
25.09,102.6184258672873
25.1,102.6184258672873
25.11,102.6184258672873
25.12,102.6184258672873
25.13,102.6184258672873
25.14,102.6184258672873
25.150000000000002,102.6184258672873
25.16,102.6184258672873
25.17,102.6184258672873
25.18,102.6184258672873
25.19,102.6184258672873
25.2,102.6184258672873
25.21,102.6184258672873
25.22,102.6184258672873
25.23,102.6184258672873
25.240000000000002,102.6184258672873
25.25,102.6184258672873
25.26,102.6184258672873
25.27,102.6184258672873
25.28,102.6184258672873
25.29,102.6184258672873
25.3,102.6184258672873
25.310000000000002,102.6184258672873
25.32,102.6184258672873
25.330000000000002,102.6184258672873
25.34,102.6184258672873
25.35,102.6184258672873
25.36,102.6184258672873
25.37,102.6184258672873
25.38,102.6184258672873
25.39,102.6184258672873
25.400000000000002,102.6184258672873
25.41,102.6184258672873
25.42,102.6184258672873
25.43,102.6184258672873
25.44,102.6184258672873
25.45,102.6184258672873
25.46,102.6184258672873
25.47,102.6184258672873
25.48,102.6184258672873
25.490000000000002,102.6184258672873
25.5,102.6184258672873
25.51,102.6184258672873
25.52,102.6184258672873
25.53,102.6184258672873
25.54,102.6184258672873
25.55,102.6184258672873
25.560000000000002,102.6184258672873
25.57,102.6184258672873
25.580000000000002,102.6184258672873
25.59,102.6184258672873
25.6,102.6184258672873
25.61,102.6184258672873
25.62,102.6184258672873
25.63,102.6184258672873
25.64,102.6184258672873
25.650000000000002,102.6184258672873
25.66,102.6184258672873
25.67,102.6184258672873
25.68,102.6184258672873
25.69,102.6184258672873
25.7,102.6184258672873
25.71,102.6184258672873
25.72,102.6184258672873
25.73,102.6184258672873
25.740000000000002,102.6184258672873
25.75,102.6184258672873
25.76,102.6184258672873
25.77,102.6184258672873
25.78,102.6184258672873
25.79,102.6184258672873
25.8,102.6184258672873
25.810000000000002,102.6184258672873
25.82,102.6184258672873
25.830000000000002,102.6184258672873
25.84,102.6184258672873
25.85,102.6184258672873
25.86,102.6184258672873
25.87,102.6184258672873
25.88,102.6184258672873
25.89,102.6184258672873
25.900000000000002,102.6184258672873
25.91,102.6184258672873
25.92,102.6184258672873
25.93,102.6184258672873
25.94,102.6184258672873
25.95,102.6184258672873
25.96,102.6184258672873
25.97,102.6184258672873
25.98,102.6184258672873
25.990000000000002,102.6184258672873
26.0,102.6184258672873
26.01,102.6184258672873
26.02,102.6184258672873
26.03,102.6184258672873
26.04,102.6184258672873
26.05,102.6184258672873
26.060000000000002,102.6184258672873
26.07,102.6184258672873
26.080000000000002,102.6184258672873
26.09,102.6184258672873
26.1,102.6184258672873
26.11,102.6184258672873
26.12,102.6184258672873
26.13,102.6184258672873
26.14,102.6184258672873
26.150000000000002,102.6184258672873
26.16,102.6184258672873
26.17,102.6184258672873
26.18,102.6184258672873
26.19,102.6184258672873
26.2,102.6184258672873
26.21,102.6184258672873
26.22,102.6184258672873
26.23,102.6184258672873
26.240000000000002,102.6184258672873
26.25,102.6184258672873
26.26,102.6184258672873
26.27,102.6184258672873
26.28,102.6184258672873
26.29,102.6184258672873
26.3,102.6184258672873
26.310000000000002,102.6184258672873
26.32,102.6184258672873
26.330000000000002,102.6184258672873
26.34,102.6184258672873
26.35,102.6184258672873
26.36,102.6184258672873
26.37,102.6184258672873
26.38,102.6184258672873
26.39,102.6184258672873
26.400000000000002,102.6184258672873
26.41,102.6184258672873
26.42,102.6184258672873
26.43,102.6184258672873
26.44,102.6184258672873
26.45,102.6184258672873
26.46,102.6184258672873
26.47,102.6184258672873
26.48,102.6184258672873
26.490000000000002,102.6184258672873
26.5,102.6184258672873
26.51,102.6184258672873
26.52,102.6184258672873
26.53,102.6184258672873
26.54,102.6184258672873
26.55,102.6184258672873
26.560000000000002,102.6184258672873
26.57,102.6184258672873
26.580000000000002,102.6184258672873
26.59,102.6184258672873
26.6,102.6184258672873
26.61,102.6184258672873
26.62,102.6184258672873
26.63,102.6184258672873
26.64,102.6184258672873
26.650000000000002,102.6184258672873
26.66,102.6184258672873
26.67,102.6184258672873
26.68,102.6184258672873
26.69,102.6184258672873
26.7,102.6184258672873
26.71,102.6184258672873
26.72,102.6184258672873
26.73,102.6184258672873
26.740000000000002,102.6184258672873
26.75,102.6184258672873
26.76,102.6184258672873
26.77,102.6184258672873
26.78,102.6184258672873
26.79,102.6184258672873
26.8,102.6184258672873
26.810000000000002,102.6184258672873
26.82,102.6184258672873
26.830000000000002,102.6184258672873
26.84,102.6184258672873
26.85,102.6184258672873
26.86,102.6184258672873
26.87,102.6184258672873
26.88,102.6184258672873
26.89,102.6184258672873
26.900000000000002,102.6184258672873
26.91,102.6184258672873
26.92,102.6184258672873
26.93,102.6184258672873
26.94,102.6184258672873
26.95,102.6184258672873
26.96,102.6184258672873
26.97,102.6184258672873
26.98,102.6184258672873
26.990000000000002,102.6184258672873
27.0,102.6184258672873
27.01,102.6184258672873
27.02,102.6184258672873
27.03,102.6184258672873
27.04,102.6184258672873
27.05,102.6184258672873
27.060000000000002,102.6184258672873
27.07,102.6184258672873
27.080000000000002,102.6184258672873
27.09,102.6184258672873
27.1,102.6184258672873
27.11,102.6184258672873
27.12,102.6184258672873
27.13,102.6184258672873
27.14,102.6184258672873
27.150000000000002,102.6184258672873
27.16,102.6184258672873
27.17,102.6184258672873
27.18,102.6184258672873
27.19,102.6184258672873
27.2,102.6184258672873
27.21,102.6184258672873
27.22,102.6184258672873
27.23,102.6184258672873
27.240000000000002,102.6184258672873
27.25,102.6184258672873
27.26,102.6184258672873
27.27,102.6184258672873
27.28,102.6184258672873
27.29,102.6184258672873
27.3,102.6184258672873
27.310000000000002,102.6184258672873
27.32,102.6184258672873
27.330000000000002,102.6184258672873
27.34,102.6184258672873
27.35,102.6184258672873
27.36,102.6184258672873
27.37,102.6184258672873
27.38,102.6184258672873
27.39,102.6184258672873
27.400000000000002,102.6184258672873
27.41,102.6184258672873
27.42,102.6184258672873
27.43,102.6184258672873
27.44,102.6184258672873
27.45,102.6184258672873
27.46,102.6184258672873
27.47,102.6184258672873
27.48,102.6184258672873
27.490000000000002,102.6184258672873
27.5,102.6184258672873
27.51,102.6184258672873
27.52,102.6184258672873
27.53,102.6184258672873
27.54,102.6184258672873
27.55,102.6184258672873
27.560000000000002,102.6184258672873
27.57,102.6184258672873
27.580000000000002,102.6184258672873
27.59,102.6184258672873
27.6,102.6184258672873
27.61,102.6184258672873
27.62,102.6184258672873
27.63,102.6184258672873
27.64,102.6184258672873
27.650000000000002,102.6184258672873
27.66,102.6184258672873
27.67,102.6184258672873
27.68,102.6184258672873
27.69,102.6184258672873
27.7,102.6184258672873
27.71,102.6184258672873
27.72,102.6184258672873
27.73,102.6184258672873
27.740000000000002,102.6184258672873
27.75,102.6184258672873
27.76,102.6184258672873
27.77,102.6184258672873
27.78,102.6184258672873
27.79,102.6184258672873
27.8,102.6184258672873
27.810000000000002,102.6184258672873
27.82,102.6184258672873
27.830000000000002,102.6184258672873
27.84,102.6184258672873
27.85,102.6184258672873
27.86,102.6184258672873
27.87,102.6184258672873
27.88,102.6184258672873
27.89,102.6184258672873
27.900000000000002,102.6184258672873
27.91,102.6184258672873
27.92,102.6184258672873
27.93,102.6184258672873
27.94,102.6184258672873
27.95,102.6184258672873
27.96,102.6184258672873
27.97,102.6184258672873
27.98,102.6184258672873
27.990000000000002,102.6184258672873
28.0,102.6184258672873
28.01,102.6184258672873
28.02,102.6184258672873
28.03,102.6184258672873
28.04,102.6184258672873
28.05,102.6184258672873
28.060000000000002,102.6184258672873
28.07,102.6184258672873
28.080000000000002,102.6184258672873
28.09,102.6184258672873
28.1,102.6184258672873
28.11,102.6184258672873
28.12,102.6184258672873
28.13,102.6184258672873
28.14,102.6184258672873
28.150000000000002,102.6184258672873
28.16,102.6184258672873
28.17,102.6184258672873
28.18,102.6184258672873
28.19,102.6184258672873
28.2,102.6184258672873
28.21,102.6184258672873
28.22,102.6184258672873
28.23,102.6184258672873
28.240000000000002,102.6184258672873
28.25,102.6184258672873
28.26,102.6184258672873
28.27,102.6184258672873
28.28,102.6184258672873
28.29,102.6184258672873
28.3,102.6184258672873
28.310000000000002,102.6184258672873
28.32,102.6184258672873
28.330000000000002,102.6184258672873
28.34,102.6184258672873
28.35,102.6184258672873
28.36,102.6184258672873
28.37,102.6184258672873
28.38,102.6184258672873
28.39,102.6184258672873
28.400000000000002,102.6184258672873
28.41,102.6184258672873
28.42,102.6184258672873
28.43,102.6184258672873
28.44,102.6184258672873
28.45,102.6184258672873
28.46,102.6184258672873
28.47,102.6184258672873
28.48,102.6184258672873
28.490000000000002,102.6184258672873
28.5,102.6184258672873
28.51,102.6184258672873
28.52,102.6184258672873
28.53,102.6184258672873
28.54,102.6184258672873
28.55,102.6184258672873
28.560000000000002,102.6184258672873
28.57,102.6184258672873
28.580000000000002,102.6184258672873
28.59,102.6184258672873
28.6,102.6184258672873
28.61,102.6184258672873
28.62,102.6184258672873
28.63,102.6184258672873
28.64,102.6184258672873
28.650000000000002,102.6184258672873
28.66,102.6184258672873
28.67,102.6184258672873
28.68,102.6184258672873
28.69,102.6184258672873
28.7,102.6184258672873
28.71,102.6184258672873
28.72,102.6184258672873
28.73,102.6184258672873
28.740000000000002,102.6184258672873
28.75,102.6184258672873
28.76,102.6184258672873
28.77,102.6184258672873
28.78,102.6184258672873
28.79,102.6184258672873
28.8,102.6184258672873
28.810000000000002,102.6184258672873
28.82,102.6184258672873
28.830000000000002,102.6184258672873
28.84,102.6184258672873
28.85,102.6184258672873
28.86,102.6184258672873
28.87,102.6184258672873
28.88,102.6184258672873
28.89,102.6184258672873
28.900000000000002,102.6184258672873
28.91,102.6184258672873
28.92,102.6184258672873
28.93,102.6184258672873
28.94,102.6184258672873
28.95,102.6184258672873
28.96,102.6184258672873
28.97,102.6184258672873
28.98,102.6184258672873
28.990000000000002,102.6184258672873
29.0,102.6184258672873
29.01,102.6184258672873
29.02,102.6184258672873
29.03,102.6184258672873
29.04,102.6184258672873
29.05,102.6184258672873
29.060000000000002,102.6184258672873
29.07,102.6184258672873
29.080000000000002,102.6184258672873
29.09,102.6184258672873
29.1,102.6184258672873
29.11,102.6184258672873
29.12,102.6184258672873
29.13,102.6184258672873
29.14,102.6184258672873
29.150000000000002,102.6184258672873
29.16,102.6184258672873
29.17,102.6184258672873
29.18,102.6184258672873
29.19,102.6184258672873
29.2,102.6184258672873
29.21,102.6184258672873
29.22,102.6184258672873
29.23,102.6184258672873
29.240000000000002,102.6184258672873
29.25,102.6184258672873
29.26,102.6184258672873
29.27,102.6184258672873
29.28,102.6184258672873
29.29,102.6184258672873
29.3,102.6184258672873
29.310000000000002,102.6184258672873
29.32,102.6184258672873
29.330000000000002,102.6184258672873
29.34,102.6184258672873
29.35,102.6184258672873
29.36,102.6184258672873
29.37,102.6184258672873
29.38,102.6184258672873
29.39,102.6184258672873
29.400000000000002,102.6184258672873
29.41,102.6184258672873
29.42,102.6184258672873
29.43,102.6184258672873
29.44,102.6184258672873
29.45,102.6184258672873
29.46,102.6184258672873
29.47,102.6184258672873
29.48,102.6184258672873
29.490000000000002,102.6184258672873
29.5,102.6184258672873
29.51,102.6184258672873
29.52,102.6184258672873
29.53,102.6184258672873
29.54,102.6184258672873
29.55,102.6184258672873
29.560000000000002,102.6184258672873
29.57,102.6184258672873
29.580000000000002,102.6184258672873
29.59,102.6184258672873
29.6,102.6184258672873
29.61,102.6184258672873
29.62,102.6184258672873
29.63,102.6184258672873
29.64,102.6184258672873
29.650000000000002,102.6184258672873
29.66,102.6184258672873
29.67,102.6184258672873
29.68,102.6184258672873
29.69,102.6184258672873
29.7,102.6184258672873
29.71,102.6184258672873
29.72,102.6184258672873
29.73,102.6184258672873
29.740000000000002,102.6184258672873
29.75,102.6184258672873
29.76,102.6184258672873
29.77,102.6184258672873
29.78,102.6184258672873
29.79,102.6184258672873
29.8,102.6184258672873
29.810000000000002,102.6184258672873
29.82,102.6184258672873
29.830000000000002,102.6184258672873
29.84,102.6184258672873
29.85,102.6184258672873
29.86,102.6184258672873
29.87,102.6184258672873
29.88,102.6184258672873
29.89,102.6184258672873
29.900000000000002,102.6184258672873
29.91,102.6184258672873
29.92,102.6184258672873
29.93,102.6184258672873
29.94,102.6184258672873
29.95,102.6184258672873
29.96,102.6184258672873
29.97,102.6184258672873
29.98,102.6184258672873
29.990000000000002,102.6184258672873
30.0,102.6184258672873
