Time,Step,P_N2O_tank,P_N2O_tank_psi,P_N2O_inj,P_fu_tank,P_fu_tank_psi,P_fu_inj,gam0,MW,R,c*,╢D1,Pc_raw,dP/dt,Pc,Pc_psi,ΔP_ox,ΔP_ox (psi),ΔP_fu,ΔP_fu (psi),Me,Pe,Pe_psi,rho_o,m_dot_o,Q_o,µ_o,v_o_line,Re_o,cgd_o,dwc_o,Q_o_gpm,dP_o_Cv,dP_o_line,dP_o_total,dP_o_total_psi,rho_f,m_dot_f,Q_f,v_f_line,Re_f,cgd_f,dwc_f,Q_f_gpm,dP_f_Cv,dP_f_line,dP_f_total,dP_f_total_psi,m_dot,m_oxgen,m_ox,m_fgen,m_f,MR,T0,Te,ve,╢D1,╢D2,F_raw,dF/dt,F,F_lbf,J,J_deliv,Status,N2O Status
0,0.001,5864,850,5864,5760,835,5760,1.2,29,287,500,1,0,0,0,0,5864,850,5760,835,0.5,0,0,727,2.77,0.004,5.94E-05,9.2,2578332,9.918,0.01,60.43,0,1370,1370,0.2,789,0.789,0.001,8.9,67332,7.239,0.019,15.85,0,194393,194393,28.2,3.559,0.0028,31.1169,0.00079,8.50886,3.51,500,488,205,1,1,729,0,729,164,0.7,0,Burning,Liquid
0.001,0.001,5864,850,5864,5760,835,5760,1.2,29,287,1000,0.75,2744,2743588,206,30,5658,821,5555,806,1,2.1,0.3,727,2.745,0.004,5.94E-05,9.1,2555511,9.924,0.01,59.89,0,1344,134,0,,0.782,0.001,8.9,66725,7.123,0.02,15.71,0,197189,19719,2.9,3.527,0.0027,31.1142,0.00078,8.50807,3.51,1000,909,560,0.75,1500,1974,1244472,548,123,0.5,1,Burning,Liquid
0.002,0.001,5864,850,5863,5760,835,5740,1.169,23.5,354,1548,1,4208,4002280,842,122,5022,728,4899,711,2.82,24,3.5,732,2.659,0.004,6.02E-05,8.7,2443413,9.889,0.01,57.57,0,1260,252,0,,0.755,0.001,8.5,64409,7.106,0.02,15.16,0,184591,36918,5.4,3.414,0.0027,31.1114,0.00075,8.50729,3.52,1214,726,1469,0.752,1500,4572,4024157,413,93,0.4,1,Burning,Liquid
0.003,0.001,5863,850,5863,5760,835,5723,1.188,23.6,352,1552,1,4086,3243954,1226,178,4637,673,4497,652,2.82,36,5.2,732,2.566,0.004,6.02E-05,8.4,2357735,9.864,0.01,55.55,0,1180,354,0.1,,0.726,0.001,8.2,61952,7.075,0.02,14.59,0,172301,51690,7.5,3.292,0.0026,31.1088,0.00073,8.50653,3.53,1218,697,1447,0.754,1500,4387,3973418,312,70,0.3,2,Burning,Liquid
0.004,0.001,5863,850,5863,5760,835,5708,1.191,23.6,352,1553,1,3941,2715153,1576,229,4287,622,4132,599,2.82,46.5,6.7,732,2.472,0.003,6.02E-05,8.1,2271069,9.837,0.01,53.51,0,1100,440,0.1,,0.697,0.001,7.9,59489,7.044,0.02,14.01,0,160279,64112,9.3,3.169,0.0025,31.1062,0.0007,8.50581,3.55,1223,696,1446,0.756,1500,4264,3951058,237,53,0.2,2,Burning,Liquid
0.005,0.001,5863,850,5863,5760,835,5696,1.195,23.7,352,1553,1,3795,2218425,1897,275,3965,575,3798,551,2.82,56.3,8.2,732,2.379,0.003,6.02E-05,7.8,2186009,9.809,0.01,51.5,0,1025,513,0.1,,0.669,0.001,7.6,57082,7.012,0.02,13.44,0,148914,74457,10.8,3.048,0.0024,31.1037,0.00067,8.50511,3.56,1225,690,1442,0.76,1500,4130,3892737,182,41,0.2,2,Burning,Liquid
0.006,0.001,5863,850,5862,5760,835,5685,1.197,23.7,351,1554,1,3651,1753431,2190,318,3672,533,3495,507,2.82,65.1,9.4,732,2.29,0.003,6.02E-05,7.5,2103879,9.781,0.01,49.57,0,955,573,0.1,,0.642,0.001,7.3,54763,6.98,0.021,12.89,0,138315,82989,12,2.932,0.0023,31.1013,0.00064,8.50444,3.57,1228,689,1442,0.765,1500,4010,3828220,140,31,0.1,2,Burning,Liquid
0.007,0.001,5863,850,5862,5759,835,5676,1.199,23.7,351,1554,1,3512,1321265,2458,357,3404,494,3218,467,2.82,73.4,10.6,732,2.204,0.003,6.02E-05,7.2,2025235,9.753,0.011,47.72,0,890,623,0.1,,0.616,0.001,7,52545,6.948,0.021,12.37,0,128505,89953,13,2.82,0.0022,31.099,0.00062,8.5038,3.58,1229,686,1440,0.771,1500,3887,3747275,109,25,0.1,3,Burning,Liquid
0.008,0.001,5863,850,5862,5759,835,5669,1.201,23.7,351,1554,1,3379,920284,2703,392,3159,458,2967,430,2.93,65.6,9.5,732,2.123,0.003,6.02E-05,7,1950269,9.725,0.011,45.95,0,830,664,0.1,,0.591,0.001,6.7,50432,6.917,0.021,11.87,0,119458,95567,13.9,2.714,0.0021,31.0968,0.00059,8.50318,3.59,1230,661,1470,0.779,1500,3776,3667247,86,19,0.1,3,Burning,Liquid
0.009,0.001,5863,850,5862,5759,835,5664,1.202,23.7,351,1554,1,3251,548579,2926,424,2936,426,2737,397,2.93,71.2,10.3,732,2.045,0.003,6.02E-05,6.7,1878994,9.698,0.011,44.27,0,775,698,0.1,,0.568,0.001,6.4,48424,6.886,0.021,11.4,0,111132,100019,14.5,2.613,0.002,31.0947,0.00057,8.50259,3.6,1231,660,1469,0.79,1500,3657,3570856,69,16,0.1,3,Burning,Liquid
0.01,0.001,5862,850,5862,5759,835,5659,1.202,23.7,351,1554,1,3130,204071,3028,439,2885,418,2684,389,2.93,73.8,10.7,732,1.998,0.003,6.02E-05,6.6,1835457,9.681,0.011,43.24,0,742,742,0.1,,0.553,0.001,6.3,47193,6.867,0.021,11.11,0,106117,106117,15.4,2.551,0.002,31.0927,0.00055,8.50203,3.61,1232,659,1468,0.804,1500,3580,3510293,1473,331,1.5,3,Burning,Liquid
0.011,0.001,5862,850,5862,5759,835,5653,1.203,23.7,351,1554,1,3056,28181,3042,441,2852,414,2647,384,2.93,74.2,10.8,732,1.968,0.003,6.02E-05,6.5,1808599,9.671,0.011,42.61,0,722,722,0.1,,0.544,0.001,6.2,46419,6.855,0.021,10.93,0,103024,103024,14.9,2.512,0.002,31.0907,0.00054,8.50147,3.62,1232,658,1467,1,1500,3524,2050609,2499,562,2.5,4,Burning,Liquid
0.012,0.001,5862,850,5861,5759,835,5656,1.203,23.7,351,1554,1,3011,-31802,3026,439,2843,412,2638,383,2.93,73.8,10.7,732,1.952,0.003,6.02E-05,6.4,1793853,9.665,0.011,42.26,0,711,711,0.1,,0.539,0.001,6.1,45993,6.849,0.021,10.83,0,101334,101334,14.7,2.491,0.002,31.0887,0.00054,8.50093,3.62,1232,658,1467,1,1500,3492,992935,2995,673,3,7,Burning,Liquid
0.013,0.001,5862,850,5861,5759,835,5657,1.203,23.7,351,1554,0.995,2985,-41109,2998,435,2853,414,2649,384,2.93,73.2,10.6,732,1.946,0.003,6.02E-05,6.4,1788028,9.663,0.011,42.13,0,707,707,0.1,,0.537,0.001,6.1,45826,6.846,0.021,10.79,0,100666,100666,14.6,2.483,0.0019,31.0868,0.00054,8.50039,3.62,1231,658,1467,1,1500,3475,479624,3235,727,3.2,10,Burning,Liquid
0.014,0.001,5862,850,5861,5759,835,5658,1.202,23.7,351,1554,0.991,2975,-22908,2973,431,2871,416,2667,387,2.93,72.4,10.5,732,1.946,0.003,6.02E-05,6.4,1787860,9.663,0.011,42.12,0,707,707,0.1,,0.537,0.001,6.1,45820,6.847,0.021,10.79,0,100637,100637,14.6,2.483,0.0019,31.0848,0.00054,8.49985,3.62,1231,659,1468,1,1500,3473,238381,3354,754,3.4,13,Burning,Liquid
0.015,0.1,5862,850,5861,5758,835,5658,1.202,23.7,351,1554,0.992,2975,2189,2961,429,2900,421,2697,391,2.93,72.1,10.5,732,1.951,0.003,6.02E-05,6.4,1792277,9.665,0.011,42.23,0,710,710,0.1,,0.538,0.001,6.1,45945,6.849,0.021,10.82,0,101115,101115,14.7,2.489,0.1951,31.0829,0.05385,8.49931,3.62,1231,659,1468,1,1,3481,126792,3417,768,341.7,16,Burning,Liquid
0.115,0.1,5862,850,5861,5758,835,5657,1.202,23.7,351,1554,0.996,2982,212,2966,430,2895,420,2691,390,2.93,72.3,10.5,732,1.952,0.003,6.02E-05,6.4,1793721,9.666,0.011,42.26,0,711,711,0.1,,0.539,0.001,6.1,45984,6.849,0.021,10.83,0,101274,101274,14.7,2.491,0.1952,30.8878,0.05389,8.44547,3.62,1231,659,1468,1,1,3484,669,3451,776,345.1,358,Burning,Liquid
0.215,0.1,5851,849,5850,5747,834,5646,1.202,23.7,351,1554,1,2985,188,2975,432,2875,417,2671,387,2.93,72.5,10.5,732,1.95,0.003,6.02E-05,6.4,1791270,9.665,0.011,42.2,0,709,709,0.1,,0.538,0.001,6.1,45915,6.848,0.021,10.81,0,101011,101011,14.7,2.488,0.195,30.6926,0.05381,8.39157,3.62,1231,659,1468,1,1,3481,296,3466,779,346.6,703,Burning,Liquid
0.315,0.1,5840,847,5839,5736,832,5635,1.202,23.7,351,1554,1,2981,52,2978,432,2861,415,2657,385,2.93,72.6,10.5,732,1.946,0.003,6.02E-05,6.4,1787918,9.663,0.011,42.12,0,707,707,0.1,,0.537,0.001,6.1,45823,6.846,0.021,10.79,0,100653,100653,14.6,2.483,0.1946,30.4976,0.0537,8.33776,3.62,1231,659,1468,1,1,3474,83,3470,780,347,1050,Burning,Liquid
0.415,0.1,5829,845,5828,5725,830,5625,1.202,23.7,351,1554,1,2975,-30,2977,432,2851,414,2648,384,2.93,72.5,10.5,732,1.943,0.003,6.02E-05,6.4,1784759,9.662,0.011,42.05,0,704,704,0.1,,0.536,0.001,6.1,45738,6.845,0.021,10.77,0,100320,100320,14.6,2.479,0.1943,30.303,0.0536,8.28406,3.62,1231,659,1468,1,1,3467,-24,3469,780,346.9,1397,Burning,Liquid
0.515,0.1,5818,844,5817,5714,829,5614,1.202,23.7,351,1554,0.999,2970,-68,2972,431,2845,413,2642,383,2.93,72.4,10.5,732,1.94,0.003,6.02E-05,6.4,1782114,9.661,0.011,41.99,0,703,703,0.1,,0.535,0.001,6.1,45667,6.844,0.021,10.75,0,100044,100044,14.5,2.475,0.194,30.1088,0.05352,8.23045,3.62,1231,659,1468,1,1,3462,-71,3465,779,346.5,1744,Burning,Liquid
0.615,0.1,5807,842,5806,5703,827,5603,1.202,23.7,351,1554,0.999,2965,-71,2967,430,2839,412,2637,382,2.93,72.3,10.5,732,1.937,0.003,6.02E-05,6.4,1779954,9.66,0.011,41.94,0,701,701,0.1,,0.535,0.001,6.1,45610,6.843,0.021,10.74,0,99821,99821,14.5,2.472,0.1937,29.9148,0.05346,8.17693,3.62,1231,659,1468,0.999,1,3457,-80,3458,777,345.8,2090,Burning,Liquid
0.715,0.1,5796,841,5795,5692,826,5592,1.202,23.7,351,1554,0.998,2962,-51,2961,430,2834,411,2631,382,2.93,72.1,10.5,732,1.935,0.003,6.02E-05,6.4,1777996,9.659,0.011,41.89,0,700,700,0.1,,0.534,0.001,6,45558,6.842,0.021,10.73,0,99619,99619,14.4,2.469,0.1935,29.7211,0.05339,8.12347,3.62,1231,659,1468,0.998,1,3452,-66,3452,776,345.2,2436,Burning,Liquid
0.815,0.1,5785,839,5784,5681,824,5582,1.202,23.7,351,1554,0.998,2958,-30,2957,429,2827,410,2625,381,2.93,72,10.4,738,1.937,0.003,6.10E-05,6.3,1756895,9.65,0.011,41.61,0,697,697,0.1,,0.533,0.001,6,45503,6.841,0.021,10.71,0,99408,99408,14.4,2.47,0.1937,29.5275,0.05333,8.07008,3.63,1272,680,1492,0.998,1,3510,580,3478,782,347.8,2781,Burning,Liquid
0.915,0.1,5774,837,5773,5670,822,5571,1.188,24.2,344,1562,0.999,2973,163,2963,430,2810,408,2608,378,2.82,87.1,12.6,738,1.934,0.003,6.10E-05,6.3,1754868,9.65,0.011,41.56,0,695,695,0.1,,0.532,0.001,6,45404,6.839,0.021,10.69,0,99024,99024,14.4,2.466,0.1934,29.3339,0.05321,8.01675,3.63,1272,727,1460,1,1,3505,275,3492,785,349.2,3129,Burning,Liquid
1.015,0.1,5763,836,5762,5659,821,5560,1.188,24.2,344,1566,1,2976,132,2970,431,2792,405,2591,376,2.82,87.3,12.7,738,1.93,0.003,6.10E-05,6.3,1751110,9.648,0.011,41.47,0,692,692,0.1,,0.531,0.001,6,45279,6.837,0.021,10.66,0,98542,98542,14.3,2.461,0.193,29.1405,0.05307,7.96354,3.64,1272,727,1460,1,1,3498,67,3495,786,349.5,3478,Burning,Liquid
1.115,0.1,5752,834,5751,5649,819,5550,1.188,24.2,344,1567,1,2973,34,2972,431,2780,403,2578,374,2.82,87.3,12.7,738,1.926,0.003,6.10E-05,6.3,1747252,9.646,0.011,41.38,0,690,690,0.1,,0.529,0.001,6,45163,6.835,0.021,10.63,0,98096,98096,14.2,2.455,0.1926,28.9475,0.05293,7.91047,3.64,1272,727,1460,1,1,3491,-44,3493,785,349.3,3828,Burning,Liquid
1.215,0.1,5741,833,5740,5638,818,5540,1.188,24.2,344,1568,1,2968,-33,2970,431,2770,402,2570,373,2.82,87.3,12.7,738,1.922,0.003,6.10E-05,6.3,1743870,9.645,0.011,41.3,0,687,687,0.1,,0.528,0.001,6,45067,6.834,0.021,10.61,0,97724,97724,14.2,2.45,0.1922,28.7549,0.05282,7.85754,3.64,1272,727,1460,0.999,1,3483,-94,3487,784,348.7,4177,Burning,Liquid
1.315,0.1,5730,831,5729,5627,816,5529,1.188,24.2,344,1569,0.999,2963,-66,2966,430,2764,401,2563,372,2.82,87.2,12.6,738,1.919,0.003,6.10E-05,6.3,1741119,9.644,0.011,41.24,0,685,685,0.1,,0.527,0.001,6,44991,6.832,0.021,10.59,0,97430,97430,14.1,2.446,0.1919,28.5627,0.05273,7.80472,3.64,1272,727,1460,0.998,1,3477,-99,3479,782,347.9,4526,Burning,Liquid
1.415,0.1,5719,830,5719,5616,815,5518,1.188,24.2,344,1569,0.999,2959,-68,2960,429,2758,400,2558,371,2.82,87,12.6,743,1.92,0.003,6.17E-05,6.2,1720721,9.634,0.011,40.96,0,682,682,0.1,,0.527,0.001,6,44931,6.831,0.021,10.58,0,97197,97197,14.1,2.447,0.192,28.3707,0.05266,7.75199,3.65,1272,727,1460,0.998,1,3477,-25,3474,781,347.4,4874,Burning,Liquid
1.515,0.1,5708,828,5708,5605,813,5508,1.188,24.2,344,1569,0.998,2960,-8,2957,429,2751,399,2551,370,2.82,86.9,12.6,743,1.919,0.003,6.17E-05,6.2,1719948,9.635,0.011,40.95,0,682,682,0.1,,0.526,0.001,6,44868,6.83,0.021,10.56,0,96956,96956,14.1,2.445,0.1919,28.1787,0.05259,7.69933,3.65,1272,727,1460,0.999,1,3474,-1,3471,780,347.1,5221,Burning,Liquid
1.615,0.1,5698,826,5697,5594,811,5497,1.188,24.2,344,1569,0.999,2958,5,2956,429,2741,398,2541,369,2.82,86.9,12.6,743,1.917,0.003,6.17E-05,6.2,1718070,9.634,0.011,40.9,0,680,680,0.1,,0.525,0.001,5.9,44795,6.829,0.021,10.55,0,96678,96678,14,2.442,0.1917,27.9868,0.0525,7.64674,3.65,1272,727,1460,0.999,1,3470,-19,3469,780,346.9,5568,Burning,Liquid
1.715,0.1,5687,825,5686,5583,810,5487,1.188,24.2,344,1569,1,2954,-17,2954,428,2732,396,2532,367,2.82,86.8,12.6,743,1.914,0.003,6.17E-05,6.2,1715667,9.633,0.011,40.84,0,678,678,0.1,,0.524,0.001,5.9,44719,6.828,0.021,10.53,0,96387,96387,14,2.439,0.1914,27.7951,0.05241,7.59424,3.65,1272,727,1460,0.999,1,3464,-50,3466,779,346.6,5915,Burning,Liquid
1.815,0.1,5676,823,5675,5572,808,5476,1.188,24.2,344,1569,0.999,2950,-45,2951,428,2724,395,2525,366,2.82,86.7,12.6,743,1.912,0.003,6.17E-05,6.2,1713236,9.632,0.011,40.79,0,677,677,0.1,,0.523,0.001,5.9,44648,6.827,0.021,10.51,0,96114,96114,13.9,2.435,0.1912,27.6036,0.05233,7.54183,3.65,1272,727,1460,0.999,1,3459,-69,3460,778,346,6262,Burning,Liquid
1.915,0.1,5665,822,5664,5562,807,5466,1.188,24.2,344,1569,0.999,2946,-58,2947,427,2717,394,2519,365,2.82,86.6,12.6,743,1.909,0.003,6.17E-05,6.2,1711008,9.631,0.011,40.73,0,675,675,0.1,,0.523,0.001,5.9,44585,6.826,0.021,10.5,0,95873,95873,13.9,2.432,0.1909,27.4125,0.05225,7.4895,3.65,1272,727,1460,0.998,1,3453,-69,3454,777,345.4,6608,Burning,Liquid
2.015,0.1,5654,820,5654,5551,805,5455,1.188,24.2,344,1569,0.999,2942,-53,2942,427,2711,393,2513,364,2.82,86.5,12.5,743,1.907,0.003,6.17E-05,6.2,1708953,9.63,0.011,40.68,0,674,674,0.1,,0.522,0.001,5.9,44528,6.825,0.021,10.48,0,95656,95656,13.9,2.429,0.1907,27.2215,0.05219,7.43725,3.65,1272,727,1460,0.998,1,3448,-58,3448,775,344.8,6953,Burning,Liquid
2.115,0.1,5643,819,5643,5540,804,5444,1.188,24.2,344,1569,0.998,2938,-40,2938,426,2705,392,2507,364,2.82,86.3,12.5,748,1.908,0.003,6.25E-05,6.1,1689480,9.621,0.011,40.43,0,671,671,0.1,,0.521,0.001,5.9,44472,6.824,0.021,10.47,0,95443,95443,13.8,2.429,0.1908,27.0309,0.05212,7.38506,3.66,1272,727,1460,0.998,1,3448,0,3445,775,344.5,7298,Burning,Liquid
2.215,0.1,5633,817,5632,5529,802,5434,1.188,24.2,344,1569,0.998,2939,8,2936,426,2696,391,2498,362,2.82,86.3,12.5,748,1.907,0.003,6.25E-05,6.1,1688526,9.621,0.011,40.4,0,670,670,0.1,,0.52,0.001,5.9,44406,6.822,0.021,10.46,0,95190,95190,13.8,2.427,0.1907,26.8401,0.05204,7.33294,3.66,1272,727,1460,0.999,1,3445,0,3444,774,344.4,7642,Burning,Liquid
2.315,0.1,5622,815,5621,5518,800,5423,1.188,24.2,344,1569,0.999,2936,4,2935,426,2686,390,2488,361,2.82,86.3,12.5,748,1.905,0.003,6.25E-05,6.1,1686471,9.62,0.011,40.35,0,669,669,0.1,,0.52,0.001,5.9,44329,6.821,0.021,10.44,0,94898,94898,13.8,2.424,0.1905,26.6494,0.05195,7.2809,3.67,1272,727,1460,1,1,3441,-32,3441,774,344.1,7987,Burning,Liquid
2.415,0.1,5611,814,5610,5508,799,5413,1.188,24.2,344,1569,1,2932,-28,2933,425,2677,388,2479,360,2.82,86.2,12.5,748,1.902,0.003,6.25E-05,6.1,1684028,9.619,0.011,40.3,0,667,667,0.1,,0.519,0.001,5.9,44251,6.82,0.022,10.42,0,94604,94604,13.7,2.42,0.1902,26.4589,0.05186,7.22894,3.67,1272,727,1460,0.999,1,3435,-64,3437,773,343.7,8331,Burning,Liquid
2.515,0.1,5600,812,5600,5497,797,5402,1.188,24.2,344,1569,0.999,2928,-55,2930,425,2670,387,2472,359,2.82,86.1,12.5,748,1.899,0.003,6.25E-05,6.1,1681684,9.618,0.011,40.24,0,665,665,0.1,,0.518,0.001,5.9,44182,6.819,0.022,10.4,0,94341,94341,13.7,2.417,0.1899,26.2687,0.05178,7.17708,3.67,1272,727,1460,0.999,1,3429,-75,3431,771,343.1,8675,Burning,Liquid
2.615,0.1,5590,811,5589,5486,796,5392,1.188,24.2,344,1569,0.999,2924,-60,2925,424,2664,386,2467,358,2.82,86,12.5,748,1.897,0.003,6.25E-05,6.1,1679581,9.617,0.011,40.19,0,664,664,0.1,,0.517,0.001,5.9,44122,6.818,0.022,10.39,0,94114,94114,13.7,2.414,0.1897,26.0788,0.05171,7.1253,3.67,1272,727,1460,0.998,1,3424,-67,3425,770,342.5,9018,Burning,Liquid
2.715,0.1,5579,809,5578,5475,794,5381,1.188,24.2,344,1569,0.998,2920,-49,2920,424,2658,386,2461,357,2.82,85.8,12.4,753,1.898,0.003,6.32E-05,6.1,1660871,9.608,0.011,39.94,0,661,661,0.1,,0.516,0.001,5.8,44067,6.817,0.022,10.38,0,93905,93905,13.6,2.414,0.1898,25.8891,0.05165,7.07359,3.67,1272,727,1460,0.998,1,3424,-7,3421,769,342.1,9360,Burning,Liquid
2.815,0.1,5568,808,5567,5465,793,5371,1.188,24.2,344,1569,0.998,2920,3,2918,423,2650,384,2453,356,2.82,85.8,12.4,753,1.897,0.003,6.32E-05,6.1,1659961,9.608,0.011,39.92,0,660,660,0.1,,0.516,0.001,5.8,44003,6.815,0.022,10.36,0,93662,93662,13.6,2.412,0.1897,25.6994,0.05157,7.02194,3.68,1272,727,1460,0.999,1,3421,-1,3419,769,341.9,9702,Burning,Liquid
2.915,0.1,5557,806,5557,5454,791,5360,1.188,24.2,344,1569,0.999,2918,4,2917,423,2640,383,2443,354,2.82,85.7,12.4,753,1.894,0.003,6.32E-05,6,1657973,9.607,0.011,39.87,0,659,659,0.1,,0.515,0.001,5.8,43928,6.814,0.022,10.34,0,93380,93380,13.5,2.409,0.1894,25.5097,0.05148,6.97037,3.68,1272,727,1460,0.999,1,3416,-30,3417,768,341.7,10044,Burning,Liquid
3.015,0.1,5547,804,5546,5443,789,5350,1.188,24.2,344,1569,1,2914,-25,2915,423,2631,382,2435,353,2.82,85.7,12.4,753,1.892,0.003,6.32E-05,6,1655563,9.606,0.011,39.81,0,657,657,0.1,,0.514,0.001,5.8,43851,6.813,0.022,10.32,0,93091,93091,13.5,2.406,0.1892,25.3202,0.05139,6.91888,3.68,1272,727,1460,0.999,1,3411,-61,3413,767,341.3,10386,Burning,Liquid
3.115,0.1,5536,803,5535,5433,788,5339,1.188,24.2,344,1569,0.999,2910,-52,2912,422,2624,381,2428,352,2.82,85.6,12.4,753,1.889,0.003,6.32E-05,6,1653215,9.605,0.011,39.76,0,655,655,0.1,,0.513,0.001,5.8,43781,6.812,0.022,10.31,0,92827,92827,13.5,2.402,0.1889,25.1311,0.05131,6.86749,3.68,1272,727,1460,0.999,1,3405,-74,3407,766,340.7,10727,Burning,Liquid
3.215,0.1,5525,801,5525,5422,786,5329,1.188,24.2,344,1569,0.999,2906,-60,2907,422,2618,380,2422,351,2.82,85.4,12.4,753,1.887,0.003,6.32E-05,6,1651098,9.604,0.011,39.71,0,654,654,0.1,,0.512,0.001,5.8,43721,6.811,0.022,10.29,0,92599,92599,13.4,2.399,0.1887,24.9422,0.05124,6.81618,3.68,1272,727,1460,0.998,1,3400,-68,3401,764,340.1,11068,Burning,Liquid
3.315,0.1,5515,800,5514,5411,785,5319,1.188,24.2,344,1569,0.998,2902,-51,2902,421,2612,379,2416,350,2.82,85.3,12.4,753,1.884,0.003,6.32E-05,6,1649125,9.603,0.011,39.66,0,652,652,0.1,,0.512,0.001,5.8,43665,6.81,0.022,10.28,0,92390,92390,13.4,2.396,0.1884,24.7535,0.05118,6.76494,3.68,1272,727,1460,0.998,1,3395,-54,3395,763,339.5,11408,Burning,Liquid
3.415,0.1,5504,798,5503,5401,783,5308,1.188,24.2,344,1569,0.998,2899,-37,2898,420,2605,378,2410,350,2.82,85.2,12.4,758,1.885,0.002,6.39E-05,6,1631036,9.595,0.011,39.42,0,650,650,0.1,,0.511,0.001,5.8,43609,6.809,0.022,10.27,0,92181,92181,13.4,2.396,0.1885,24.5651,0.05111,6.71376,3.69,1272,727,1460,0.998,1,3395,-1,3392,763,339.2,11747,Burning,Liquid
3.515,0.1,5493,797,5493,5390,782,5298,1.188,24.2,344,1569,0.999,2899,7,2896,420,2597,377,2402,348,2.82,85.1,12.3,758,1.884,0.002,6.39E-05,6,1629976,9.595,0.011,39.39,0,649,649,0.1,,0.51,0.001,5.8,43542,6.807,0.022,10.25,0,91931,91931,13.3,2.394,0.1884,24.3766,0.05103,6.66265,3.69,1272,727,1460,0.999,1,3392,-3,3390,762,339,12087,Burning,Liquid
3.615,0.1,5483,795,5482,5379,780,5287,1.188,24.2,344,1569,0.999,2896,1,2895,420,2587,375,2392,347,2.82,85.1,12.3,758,1.881,0.002,6.39E-05,6,1627908,9.594,0.011,39.34,0,647,647,0.1,,0.509,0.001,5.8,43466,6.806,0.022,10.23,0,91644,91644,13.3,2.391,0.1881,24.1882,0.05094,6.61162,3.69,1272,727,1460,1,1,3387,-35,3388,762,338.8,12426,Burning,Liquid
3.715,0.1,5472,794,5471,5369,779,5277,1.188,24.2,344,1569,1,2892,-31,2893,420,2578,374,2384,346,2.82,85,12.3,758,1.879,0.002,6.39E-05,6,1625508,9.593,0.011,39.29,0,646,646,0.1,,0.509,0.001,5.8,43389,6.805,0.022,10.22,0,91358,91358,13.3,2.387,0.1879,24,0.05085,6.56068,3.69,1272,727,1460,0.999,1,3381,-65,3383,761,338.3,12764,Burning,Liquid
3.815,0.1,5461,792,5461,5358,777,5267,1.188,24.2,344,1569,0.999,2888,-55,2890,419,2571,373,2377,345,2.82,84.9,12.3,758,1.876,0.002,6.39E-05,6,1623223,9.592,0.011,39.23,0,644,644,0.1,,0.508,0.001,5.7,43321,6.803,0.022,10.2,0,91102,91102,13.2,2.384,0.1876,23.8122,0.05077,6.50982,3.69,1272,727,1460,0.999,1,3376,-75,3377,759,337.7,13103,Burning,Liquid
3.915,0.1,5451,791,5450,5347,776,5256,1.188,24.2,344,1569,0.999,2884,-60,2885,418,2565,372,2371,344,2.82,84.8,12.3,758,1.874,0.002,6.39E-05,5.9,1621170,9.591,0.011,39.18,0,643,643,0.1,,0.507,0.001,5.7,43262,6.802,0.022,10.19,0,90881,90881,13.2,2.381,0.1874,23.6246,0.0507,6.45905,3.7,1272,727,1460,0.998,1,3371,-66,3371,758,337.1,13440,Burning,Liquid
4.015,0.1,5440,789,5439,5337,774,5246,1.188,24.2,344,1569,0.998,2880,-48,2880,418,2560,371,2366,343,2.82,84.6,12.3,763,1.874,0.002,6.47E-05,5.9,1603714,9.582,0.011,38.95,0,640,640,0.1,,0.506,0.001,5.7,43207,6.801,0.022,10.17,0,90676,90676,13.2,2.381,0.1874,23.4372,0.05064,6.40835,3.7,1272,727,1460,0.998,1,3370,-10,3367,757,336.7,13777,Burning,Liquid
4.115,0.1,5430,787,5429,5326,772,5235,1.188,24.2,344,1569,0.998,2880,1,2878,417,2551,370,2358,342,2.82,84.6,12.3,763,1.873,0.002,6.47E-05,5.9,1602724,9.582,0.011,38.93,0,639,639,0.1,,0.506,0.001,5.7,43143,6.8,0.022,10.16,0,90438,90438,13.1,2.379,0.1873,23.2498,0.05056,6.35771,3.7,1272,727,1460,0.999,1,3367,-4,3365,757,336.5,14114,Burning,Liquid
4.215,0.1,5419,786,5418,5316,771,5225,1.188,24.2,344,1569,0.999,2878,1,2876,417,2542,369,2349,341,2.82,84.5,12.3,763,1.871,0.002,6.47E-05,5.9,1600740,9.581,0.011,38.88,0,638,638,0.1,,0.505,0.001,5.7,43068,6.799,0.022,10.14,0,90162,90162,13.1,2.376,0.1871,23.0625,0.05048,6.30714,3.71,1272,727,1460,0.999,1,3362,-32,3363,756,336.3,14451,Burning,Liquid
4.315,0.1,5408,784,5408,5305,769,5215,1.188,24.2,344,1569,1,2874,-26,2875,417,2533,367,2340,339,2.82,84.5,12.3,763,1.868,0.002,6.47E-05,5.9,1598374,9.58,0.011,38.82,0,636,636,0.1,,0.504,0.001,5.7,42993,6.798,0.022,10.12,0,89881,89881,13,2.372,0.1868,22.8754,0.05039,6.25667,3.71,1272,727,1460,0.999,1,3356,-61,3358,755,335.8,14787,Burning,Liquid
4.415,0.1,5398,783,5397,5294,768,5204,1.188,24.2,344,1569,0.999,2869,-52,2871,416,2526,366,2333,338,2.82,84.4,12.2,763,1.865,0.002,6.47E-05,5.9,1596078,9.579,0.011,38.77,0,634,634,0.1,,0.503,0.001,5.7,42924,6.796,0.022,10.11,0,89624,89624,13,2.369,0.1865,22.6886,0.05031,6.20628,3.71,1272,727,1460,0.999,1,3351,-73,3352,754,335.2,15123,Burning,Liquid
4.515,0.1,5387,781,5387,5284,766,5194,1.188,24.2,344,1569,0.999,2865,-59,2866,416,2520,366,2328,338,2.82,84.2,12.2,763,1.863,0.002,6.47E-05,5.9,1594003,9.578,0.011,38.72,0,633,633,0.1,,0.502,0.001,5.7,42863,6.795,0.022,10.09,0,89400,89400,13,2.365,0.1863,22.502,0.05024,6.15597,3.71,1272,727,1460,0.998,1,3346,-67,3346,752,334.6,15458,Burning,Liquid
4.615,0.1,5377,780,5376,5273,765,5184,1.188,24.2,344,1569,0.998,2861,-50,2862,415,2515,365,2322,337,2.82,84.1,12.2,767,1.864,0.002,6.54E-05,5.8,1577123,9.57,0.011,38.49,0,631,631,0.1,,0.502,0.001,5.7,42808,6.794,0.022,10.08,0,89195,89195,12.9,2.365,0.1864,22.3157,0.05017,6.10574,3.71,1272,727,1460,0.998,1,3345,-13,3342,751,334.2,15793,Burning,Liquid
4.715,0.1,5366,778,5366,5263,763,5174,1.188,24.2,344,1569,0.998,2861,-3,2859,415,2507,364,2315,336,2.82,84,12.2,767,1.862,0.002,6.54E-05,5.8,1576107,9.57,0.011,38.47,0,630,630,0.1,,0.501,0.001,5.7,42744,6.793,0.022,10.06,0,88961,88961,12.9,2.363,0.1862,22.1293,0.0501,6.05557,3.72,1272,727,1460,0.999,1,3342,-7,3340,751,334,16127,Burning,Liquid
4.815,0.1,5356,777,5355,5252,762,5163,1.188,24.2,344,1569,0.999,2859,-1,2858,414,2497,362,2306,334,2.82,84,12.2,767,1.86,0.002,6.54E-05,5.8,1574148,9.569,0.011,38.42,0,628,628,0.1,,0.5,0.001,5.7,42671,6.792,0.022,10.05,0,88691,88691,12.9,2.36,0.186,21.9431,0.05001,6.00547,3.72,1272,727,1460,0.999,1,3337,-32,3337,750,333.7,16461,Burning,Liquid
4.915,0.1,5345,775,5344,5242,760,5153,1.188,24.2,344,1569,1,2855,-26,2856,414,2489,361,2297,333,2.82,83.9,12.2,767,1.857,0.002,6.54E-05,5.8,1571818,9.568,0.011,38.36,0,627,627,0.1,,0.499,0.001,5.7,42596,6.791,0.022,10.03,0,88414,88414,12.8,2.357,0.1857,21.7571,0.04992,5.95546,3.72,1272,727,1460,0.999,1,3331,-60,3333,749,333.3,16795,Burning,Liquid
5.015,0.1,5335,774,5334,5231,759,5143,1.188,24.2,344,1569,0.999,2851,-50,2852,414,2482,360,2290,332,2.82,83.8,12.2,767,1.855,0.002,6.54E-05,5.8,1569547,9.567,0.011,38.31,0,625,625,0.1,,0.498,0.001,5.6,42527,6.789,0.022,10.01,0,88161,88161,12.8,2.353,0.1855,21.5714,0.04984,5.90554,3.72,1272,727,1460,0.999,1,3326,-72,3327,748,332.7,17128,Burning,Liquid
5.115,0.1,5324,772,5323,5221,757,5132,1.188,24.2,344,1569,0.999,2846,-58,2848,413,2476,359,2285,331,2.82,83.7,12.1,767,1.852,0.002,6.54E-05,5.8,1567484,9.566,0.011,38.26,0,623,623,0.1,,0.498,0.001,5.6,42467,6.788,0.022,10,0,87938,87938,12.8,2.35,0.1852,21.3859,0.04977,5.85569,3.72,1272,727,1460,0.998,1,3321,-66,3321,747,332.1,17461,Burning,Liquid
5.215,0.1,5314,771,5313,5210,756,5122,1.188,24.2,344,1569,0.998,2843,-49,2843,412,2470,358,2279,331,2.82,83.6,12.1,767,1.85,0.002,6.54E-05,5.8,1565550,9.565,0.011,38.21,0,622,622,0.1,,0.497,0.001,5.6,42411,6.787,0.022,9.99,0,87734,87734,12.7,2.347,0.185,21.2007,0.04971,5.80592,3.72,1272,727,1460,0.998,1,3316,-54,3315,745,331.5,17793,Burning,Liquid
5.315,0.1,5303,769,5302,5200,754,5112,1.188,24.2,344,1569,0.998,2839,-37,2839,412,2464,357,2273,330,2.82,83.4,12.1,772,1.85,0.002,6.61E-05,5.8,1549190,9.556,0.011,37.99,0,620,620,0.1,,0.496,0.001,5.6,42355,6.786,0.022,9.97,0,87529,87529,12.7,2.347,0.185,21.0157,0.04964,5.75622,3.73,1272,727,1460,0.998,1,3315,-6,3312,745,331.2,18124,Burning,Liquid
5.415,0.1,5293,768,5292,5189,753,5102,1.188,24.2,344,1569,0.999,2839,3,2837,411,2455,356,2265,329,2.82,83.4,12.1,772,1.849,0.002,6.61E-05,5.8,1548040,9.556,0.011,37.96,0,619,619,0.1,,0.496,0.001,5.6,42289,6.785,0.022,9.96,0,87286,87286,12.7,2.345,0.1849,20.8307,0.04956,5.70658,3.73,1272,727,1460,0.999,1,3311,-8,3310,744,331,18456,Burning,Liquid
5.515,0.1,5282,766,5282,5179,751,5091,1.188,24.2,344,1569,0.999,2836,-4,2835,411,2446,355,2256,327,2.82,83.3,12.1,772,1.847,0.002,6.61E-05,5.8,1546000,9.555,0.011,37.91,0,617,617,0.1,,0.495,0.001,5.6,42213,6.784,0.022,9.94,0,87011,87011,12.6,2.341,0.1847,20.6458,0.04947,5.65701,3.73,1272,727,1460,0.999,1,3306,-38,3307,744,330.7,18787,Burning,Liquid
5.615,0.1,5272,765,5271,5168,750,5081,1.188,24.2,344,1569,1,2832,-32,2833,411,2438,354,2248,326,2.82,83.3,12.1,772,1.844,0.002,6.61E-05,5.7,1543675,9.554,0.011,37.86,0,616,616,0.1,,0.494,0.001,5.6,42138,6.782,0.022,9.92,0,86736,86736,12.6,2.338,0.1844,20.4611,0.04939,5.60754,3.73,1272,727,1460,0.999,1,3301,-65,3303,742,330.3,19117,Burning,Liquid
5.715,0.1,5261,763,5261,5158,748,5071,1.188,24.2,344,1569,0.999,2828,-54,2829,410,2431,353,2242,325,2.82,83.2,12.1,772,1.841,0.002,6.61E-05,5.7,1541464,9.553,0.011,37.8,0,614,614,0.1,,0.493,0.001,5.6,42071,6.781,0.022,9.91,0,86490,86490,12.5,2.334,0.1841,20.2767,0.04931,5.55815,3.73,1272,727,1460,0.999,1,3295,-73,3297,741,329.7,19448,Burning,Liquid
5.815,0.1,5251,762,5250,5147,747,5061,1.188,24.2,344,1569,0.999,2824,-58,2825,410,2426,352,2236,324,2.82,83,12,772,1.839,0.002,6.61E-05,5.7,1539466,9.552,0.011,37.75,0,613,613,0.1,,0.492,0.001,5.6,42012,6.78,0.022,9.89,0,86275,86275,12.5,2.331,0.1839,20.0926,0.04924,5.50885,3.73,1272,727,1460,0.998,1,3290,-65,3290,740,329,19777,Burning,Liquid
5.915,0.1,5240,760,5240,5137,745,5051,1.188,24.2,344,1569,0.998,2820,-47,2820,409,2420,351,2231,324,2.82,82.9,12,776,1.839,0.002,6.68E-05,5.7,1523627,9.544,0.011,37.54,0,610,610,0.1,,0.492,0.001,5.6,41957,6.779,0.022,9.88,0,86075,86075,12.5,2.331,0.1839,19.9087,0.04917,5.45961,3.74,1272,727,1460,0.998,1,3289,-13,3287,739,328.7,20106,Burning,Liquid
6.015,0.1,5230,759,5229,5127,744,5041,1.188,24.2,344,1569,0.998,2820,-3,2817,409,2412,350,2223,322,2.82,82.8,12,776,1.838,0.002,6.68E-05,5.7,1522545,9.544,0.011,37.52,0,609,609,0.1,,0.491,0.001,5.6,41893,6.778,0.022,9.86,0,85844,85844,12.5,2.329,0.1838,19.7248,0.0491,5.41043,3.74,1272,727,1460,0.999,1,3286,-9,3284,738,328.4,20435,Burning,Liquid
6.115,0.1,5220,757,5219,5116,742,5030,1.188,24.2,344,1569,0.999,2817,-3,2816,408,2403,349,2214,321,2.82,82.8,12,776,1.835,0.002,6.68E-05,5.7,1520581,9.543,0.011,37.47,0,608,608,0.1,,0.49,0.001,5.5,41820,6.776,0.022,9.85,0,85578,85578,12.4,2.326,0.1835,19.5411,0.04901,5.36133,3.74,1272,727,1460,0.999,1,3281,-34,3281,738,328.1,20763,Burning,Liquid
6.215,0.1,5209,756,5209,5106,741,5020,1.188,24.2,344,1569,1,2813,-28,2814,408,2395,347,2206,320,2.82,82.7,12,776,1.833,0.002,6.68E-05,5.7,1518285,9.542,0.011,37.41,0,606,606,0.1,,0.489,0.001,5.5,41746,6.775,0.022,9.83,0,85308,85308,12.4,2.322,0.1833,19.3575,0.04893,5.31232,3.75,1272,727,1460,0.999,1,3275,-61,3277,737,327.7,21092,Burning,Liquid
6.315,0.1,5199,754,5198,5095,739,5010,1.188,24.2,344,1569,0.999,2809,-51,2810,408,2388,346,2200,319,2.82,82.6,12,776,1.83,0.002,6.68E-05,5.7,1516063,9.541,0.011,37.36,0,605,605,0.1,,0.488,0.001,5.5,41678,6.774,0.022,9.81,0,85061,85061,12.3,2.318,0.183,19.1742,0.04885,5.26339,3.75,1272,727,1460,0.999,1,3270,-72,3271,735,327.1,21419,Burning,Liquid
6.415,0.1,5189,753,5188,5085,738,5000,1.188,24.2,344,1569,0.999,2805,-57,2806,407,2382,346,2194,318,2.82,82.5,12,776,1.828,0.002,6.68E-05,5.7,1514047,9.54,0.011,37.31,0,603,603,0.1,,0.488,0.001,5.5,41618,6.773,0.022,9.8,0,84844,84844,12.3,2.315,0.1828,18.9912,0.04878,5.21455,3.75,1272,727,1460,0.998,1,3265,-66,3265,734,326.5,21746,Burning,Liquid
6.515,0.1,5178,751,5178,5075,736,4990,1.188,24.2,344,1569,0.998,2801,-49,2801,406,2377,345,2189,317,2.82,82.3,11.9,781,1.828,0.002,6.75E-05,5.6,1498682,9.532,0.011,37.1,0,601,601,0.1,,0.487,0.001,5.5,41562,6.772,0.022,9.79,0,84644,84644,12.3,2.315,0.1828,18.8085,0.04871,5.16577,3.75,1270,727,1459,0.998,1,3262,-35,3260,733,326,22073,Burning,Liquid
6.615,0.1,5168,750,5167,5064,735,4980,1.187,24.2,344,1569,0.998,2800,-7,2798,406,2369,344,2182,316,2.82,82.1,11.9,781,1.827,0.002,6.75E-05,5.6,1497599,9.532,0.011,37.08,0,600,600,0.1,,0.486,0.001,5.5,41500,6.771,0.022,9.77,0,84418,84418,12.2,2.313,0.1827,18.6257,0.04864,5.11706,3.76,1270,728,1460,0.999,1,3260,2,3258,732,325.8,22399,Burning,Liquid
6.715,0.1,5158,748,5157,5054,733,4970,1.187,24.2,344,1569,0.999,2798,-6,2797,406,2360,342,2173,315,2.82,82.1,11.9,781,1.824,0.002,6.75E-05,5.6,1495685,9.531,0.011,37.03,0,599,599,0.1,,0.486,0.001,5.5,41428,6.769,0.022,9.75,0,84160,84160,12.2,2.31,0.1824,18.4431,0.04855,5.06842,3.76,1270,728,1460,0.999,1,3256,-23,3256,732,325.6,22725,Burning,Liquid
6.815,0.1,5147,747,5147,5044,732,4960,1.187,24.2,344,1569,0.999,2794,-28,2794,405,2352,341,2165,314,2.82,82,11.9,781,1.821,0.002,6.75E-05,5.6,1493445,9.53,0.011,36.97,0,597,597,0.1,,0.485,0.001,5.5,41355,6.768,0.022,9.74,0,83897,83897,12.2,2.306,0.1821,18.2606,0.04847,5.01987,3.76,1270,728,1460,0.999,1,3250,-55,3252,731,325.2,23050,Burning,Liquid
6.915,0.1,5137,745,5136,5033,730,4950,1.187,24.2,344,1569,0.999,2789,-49,2791,405,2346,340,2159,313,2.82,81.9,11.9,781,1.819,0.002,6.75E-05,5.6,1491257,9.529,0.011,36.92,0,595,595,0.1,,0.484,0.001,5.5,41287,6.767,0.022,9.72,0,83654,83654,12.1,2.303,0.1819,18.0785,0.04839,4.9714,3.76,1270,728,1460,0.999,1,3245,-71,3246,730,324.6,23375,Burning,Liquid
7.015,0.1,5127,744,5126,5023,729,4940,1.187,24.2,344,1569,0.999,2785,-56,2786,404,2340,339,2153,312,2.82,81.8,11.9,781,1.816,0.002,6.75E-05,5.6,1489252,9.528,0.011,36.87,0,594,594,0.1,,0.483,0.001,5.5,41227,6.766,0.022,9.71,0,83438,83438,12.1,2.3,0.1816,17.8966,0.04832,4.92301,3.76,1270,728,1460,0.998,1,3239,-68,3240,728,324,23700,Burning,Liquid
7.115,0.1,5116,742,5116,5013,727,4929,1.187,24.2,344,1569,0.998,2781,-48,2782,403,2334,339,2148,312,2.82,81.6,11.8,785,1.817,0.002,6.82E-05,5.6,1474321,9.519,0.011,36.67,0,592,592,0.1,,0.483,0.001,5.5,41172,6.765,0.022,9.69,0,83238,83238,12.1,2.299,0.1817,17.715,0.04825,4.87469,3.76,1270,728,1460,0.998,1,3238,-21,3236,727,323.6,24024,Burning,Liquid
7.215,0.1,5106,741,5105,5003,726,4919,1.187,24.2,344,1569,0.998,2781,-7,2779,403,2327,337,2141,310,2.82,81.6,11.8,785,1.815,0.002,6.82E-05,5.6,1473195,9.519,0.011,36.65,0,591,591,0.1,,0.482,0.001,5.5,41109,6.763,0.022,9.68,0,83012,83012,12,2.297,0.1815,17.5333,0.04818,4.82644,3.77,1270,728,1460,0.999,1,3235,-14,3233,727,323.3,24348,Burning,Liquid
7.315,0.1,5096,739,5095,4992,724,4909,1.187,24.2,344,1569,0.999,2778,-6,2777,403,2318,336,2132,309,2.82,81.5,11.8,785,1.813,0.002,6.82E-05,5.6,1471266,9.518,0.011,36.6,0,590,590,0.1,,0.481,0.001,5.4,41037,6.762,0.022,9.66,0,82755,82755,12,2.294,0.1813,17.3518,0.0481,4.77826,3.77,1270,728,1460,0.999,1,3230,-35,3230,726,323,24671,Burning,Liquid
7.415,0.1,5086,738,5085,4982,723,4899,1.187,24.2,344,1569,0.999,2774,-29,2775,402,2310,335,2124,308,2.82,81.4,11.8,785,1.81,0.002,6.82E-05,5.5,1469030,9.517,0.011,36.54,0,588,588,0.1,,0.48,0.001,5.4,40963,6.761,0.022,9.64,0,82493,82493,12,2.29,0.181,17.1705,0.04801,4.73016,3.77,1270,728,1460,0.999,1,3224,-59,3226,725,322.6,24994,Burning,Liquid
7.515,0.1,5075,736,5075,4972,721,4889,1.187,24.2,344,1569,0.999,2770,-50,2771,402,2303,334,2118,307,2.82,81.3,11.8,785,1.807,0.002,6.82E-05,5.5,1466858,9.516,0.011,36.49,0,586,586,0.1,,0.479,0.001,5.4,40896,6.759,0.022,9.63,0,82252,82252,11.9,2.287,0.1807,16.9895,0.04793,4.68215,3.77,1270,728,1460,0.999,1,3219,-69,3220,724,322,25316,Burning,Liquid
7.615,0.1,5065,735,5064,4962,720,4879,1.187,24.2,344,1569,0.999,2766,-56,2767,401,2298,333,2113,306,2.82,81.2,11.8,785,1.805,0.002,6.82E-05,5.5,1464873,9.515,0.011,36.44,0,585,585,0.1,,0.479,0.001,5.4,40836,6.758,0.022,9.61,0,82039,82039,11.9,2.283,0.1805,16.8088,0.04786,4.63422,3.77,1270,728,1460,0.998,1,3213,-64,3214,722,321.4,25638,Burning,Liquid
7.715,0.1,5055,733,5054,4951,718,4869,1.187,24.2,344,1569,0.998,2762,-48,2762,401,2292,332,2107,306,2.82,81.1,11.8,785,1.803,0.002,6.82E-05,5.5,1462998,9.514,0.011,36.39,0,583,583,0.1,,0.478,0.001,5.4,40781,6.757,0.022,9.6,0,81841,81841,11.9,2.281,0.1803,16.6283,0.0478,4.58636,3.77,1270,728,1460,0.998,1,3208,-53,3208,721,320.8,25960,Burning,Liquid
7.815,0.1,5045,732,5044,4941,717,4859,1.187,24.2,344,1569,0.998,2758,-37,2758,400,2286,332,2101,305,2.82,80.9,11.7,789,1.803,0.002,6.89E-05,5.5,1448461,9.506,0.011,36.2,0,581,581,0.1,,0.477,0.001,5.4,40725,6.756,0.022,9.59,0,81642,81642,11.8,2.28,0.1803,16.4481,0.04773,4.53856,3.78,1270,728,1460,0.998,1,3207,-11,3205,720,320.5,26281,Burning,Liquid
7.915,0.1,5034,730,5034,4931,715,4849,1.187,24.2,344,1569,0.998,2758,-2,2756,400,2278,330,2094,304,2.82,80.9,11.7,789,1.801,0.002,6.89E-05,5.5,1447224,9.506,0.011,36.17,0,580,580,0.1,,0.477,0.001,5.4,40659,6.755,0.022,9.57,0,81409,81409,11.8,2.278,0.1801,16.2678,0.04765,4.49084,3.78,1270,728,1460,0.999,1,3203,-14,3202,720,320.2,26601,Burning,Liquid
8.015,0.1,5024,729,5024,4921,714,4839,1.187,24.2,344,1569,0.999,2755,-8,2754,399,2269,329,2085,302,2.82,80.8,11.7,789,1.799,0.002,6.89E-05,5.5,1445226,9.505,0.011,36.12,0,579,579,0.1,,0.476,0.001,5.4,40585,6.753,0.022,9.56,0,81147,81147,11.8,2.274,0.1799,16.0877,0.04757,4.44318,3.78,1270,728,1460,0.999,1,3198,-40,3199,719,319.9,26921,Burning,Liquid
8.115,0.1,5014,727,5013,4911,712,4829,1.187,24.2,344,1569,0.999,2751,-34,2752,399,2262,328,2078,301,2.82,80.8,11.7,789,1.796,0.002,6.89E-05,5.5,1442994,9.504,0.011,36.06,0,577,577,0.1,,0.475,0.001,5.4,40512,6.752,0.022,9.54,0,80887,80887,11.7,2.271,0.1796,15.9078,0.04748,4.39562,3.78,1270,728,1460,0.999,1,3193,-64,3194,718,319.4,27241,Burning,Liquid
8.215,0.1,5004,726,5003,4900,711,4820,1.187,24.2,344,1569,0.999,2746,-53,2748,399,2255,327,2072,300,2.82,80.6,11.7,789,1.793,0.002,6.89E-05,5.5,1440877,9.503,0.011,36.01,0,576,576,0.1,,0.474,0.001,5.4,40446,6.751,0.022,9.52,0,80653,80653,11.7,2.267,0.1793,15.7283,0.0474,4.34814,3.78,1270,728,1460,0.998,1,3187,-71,3188,717,318.8,27561,Burning,Liquid
8.315,0.1,4994,724,4993,4890,709,4810,1.187,24.2,344,1569,0.999,2742,-56,2743,398,2250,326,2067,300,2.82,80.5,11.7,789,1.791,0.002,6.89E-05,5.5,1438951,9.502,0.011,35.96,0,574,574,0.1,,0.473,0.001,5.4,40387,6.75,0.022,9.51,0,80447,80447,11.7,2.264,0.1791,15.5489,0.04733,4.30073,3.78,1270,728,1460,0.998,1,3182,-63,3182,715,318.2,27880,Burning,Liquid
8.415,0.1,4984,723,4983,4880,708,4800,1.187,24.2,344,1569,0.998,2739,-46,2739,397,2245,326,2061,299,2.82,80.4,11.7,793,1.791,0.002,6.95E-05,5.4,1424882,9.494,0.011,35.77,0,572,572,0.1,,0.473,0.001,5.4,40332,6.749,0.022,9.5,0,80252,80252,11.6,2.264,0.1791,15.3699,0.04727,4.2534,3.79,1270,728,1460,0.998,1,3181,-17,3178,715,317.8,28198,Burning,Liquid
8.515,0.1,4973,721,4973,4870,706,4790,1.187,24.2,344,1569,0.998,2738,-7,2736,397,2237,324,2054,298,2.82,80.3,11.6,793,1.789,0.002,6.95E-05,5.4,1423716,9.494,0.011,35.74,0,571,571,0.1,,0.472,0.001,5.3,40269,6.748,0.022,9.48,0,80030,80030,11.6,2.261,0.1789,15.1908,0.0472,4.20613,3.79,1270,728,1460,0.999,1,3177,-14,3176,714,317.6,28516,Burning,Liquid
8.615,0.1,4963,720,4963,4860,705,4780,1.187,24.2,344,1569,0.999,2735,-7,2734,397,2229,323,2046,297,2.82,80.2,11.6,793,1.787,0.002,6.95E-05,5.4,1421786,9.493,0.011,35.7,0,570,570,0.1,,0.471,0.001,5.3,40197,6.746,0.022,9.46,0,79777,79777,11.6,2.258,0.1787,15.0118,0.04711,4.15893,3.79,1270,728,1460,0.999,1,3172,-37,3173,713,317.3,28833,Burning,Liquid
8.715,0.1,4953,718,4953,4850,703,4770,1.187,24.2,344,1569,0.999,2731,-30,2732,396,2221,322,2038,296,2.82,80.2,11.6,793,1.784,0.002,6.95E-05,5.4,1419577,9.492,0.011,35.64,0,568,568,0.1,,0.47,0.001,5.3,40124,6.745,0.022,9.45,0,79521,79521,11.5,2.254,0.1784,14.8331,0.04703,4.11182,3.79,1270,728,1460,0.999,1,3166,-61,3168,712,316.8,29150,Burning,Liquid
8.815,0.1,4943,717,4943,4840,702,4760,1.187,24.2,344,1569,0.999,2727,-51,2728,396,2214,321,2032,295,2.82,80.1,11.6,793,1.782,0.002,6.95E-05,5.4,1417448,9.491,0.011,35.59,0,567,567,0.1,,0.469,0.001,5.3,40057,6.743,0.022,9.43,0,79286,79286,11.5,2.251,0.1782,14.6547,0.04695,4.0648,3.79,1270,728,1460,0.999,1,3161,-70,3162,711,316.2,29467,Burning,Liquid
8.915,0.1,4933,715,4932,4830,700,4750,1.187,24.2,344,1569,0.999,2723,-56,2724,395,2209,320,2027,294,2.82,79.9,11.6,793,1.779,0.002,6.95E-05,5.4,1415508,9.49,0.011,35.54,0,565,565,0.1,,0.469,0.001,5.3,39998,6.742,0.022,9.42,0,79078,79078,11.5,2.248,0.1779,14.4766,0.04688,4.01785,3.8,1270,728,1460,0.998,1,3156,-64,3156,710,315.6,29783,Burning,Liquid
9.015,0.1,4923,714,4922,4820,699,4740,1.187,24.2,344,1569,0.998,2719,-47,2719,394,2203,320,2022,293,2.82,79.8,11.6,798,1.779,0.002,7.02E-05,5.4,1401817,9.482,0.011,35.36,0,563,563,0.1,,0.468,0.001,5.3,39943,6.741,0.022,9.4,0,78884,78884,11.4,2.247,0.1779,14.2987,0.04681,3.97097,3.8,1270,728,1460,0.998,1,3154,-20,3152,709,315.2,30099,Burning,Liquid
9.115,0.1,4913,713,4912,4810,698,4731,1.187,24.2,344,1569,0.998,2718,-9,2716,394,2196,319,2014,292,2.82,79.7,11.6,798,1.778,0.002,7.02E-05,5.4,1400647,9.482,0.011,35.33,0,562,562,0.1,,0.467,0.001,5.3,39880,6.74,0.022,9.39,0,78665,78665,11.4,2.245,0.1778,14.1208,0.04674,3.92416,3.8,1270,728,1460,0.999,1,3150,-16,3149,708,314.9,30414,Burning,Liquid
9.215,0.1,4903,711,4902,4799,696,4721,1.187,24.2,344,1569,0.999,2715,-8,2714,394,2188,317,2006,291,2.82,79.7,11.6,798,1.775,0.002,7.02E-05,5.4,1398742,9.481,0.011,35.28,0,561,561,0.1,,0.467,0.001,5.3,39809,6.739,0.022,9.37,0,78417,78417,11.4,2.242,0.1775,13.943,0.04666,3.87742,3.8,1270,728,1460,0.999,1,3145,-37,3146,707,314.6,30729,Burning,Liquid
9.315,0.1,4893,710,4892,4789,695,4711,1.187,24.2,344,1569,0.999,2711,-29,2712,393,2180,316,1999,290,2.82,79.6,11.5,798,1.772,0.002,7.02E-05,5.3,1396562,9.479,0.011,35.22,0,559,559,0.1,,0.466,0.001,5.3,39737,6.737,0.022,9.36,0,78164,78164,11.3,2.238,0.1772,13.7655,0.04657,3.83076,3.81,1270,728,1460,0.999,1,3140,-60,3141,706,314.1,31044,Burning,Liquid
9.415,0.1,4883,708,4882,4779,693,4701,1.187,24.2,344,1569,0.999,2707,-50,2708,393,2174,315,1993,289,2.82,79.5,11.5,798,1.77,0.002,7.02E-05,5.3,1394452,9.478,0.011,35.17,0,558,558,0.1,,0.465,0.001,5.3,39670,6.736,0.022,9.34,0,77932,77932,11.3,2.235,0.177,13.5883,0.04649,3.78419,3.81,1270,728,1460,0.999,1,3134,-69,3136,705,313.6,31358,Burning,Liquid
9.515,0.1,4873,707,4872,4769,692,4691,1.187,24.2,344,1569,0.999,2703,-55,2704,392,2168,314,1988,288,2.82,79.4,11.5,798,1.767,0.002,7.02E-05,5.3,1392524,9.477,0.011,35.12,0,556,556,0.1,,0.464,0.001,5.3,39611,6.735,0.022,9.33,0,77725,77725,11.3,2.231,0.1767,13.4113,0.04642,3.73769,3.81,1270,728,1460,0.998,1,3129,-64,3130,704,313,31671,Burning,Liquid
9.615,0.1,4863,705,4862,4759,690,4682,1.187,24.2,344,1569,0.998,2699,-47,2699,391,2163,314,1982,288,2.82,79.2,11.5,802,1.767,0.002,7.09E-05,5.3,1379179,9.47,0.011,34.94,0,554,554,0.1,,0.464,0.001,5.2,39555,6.734,0.022,9.31,0,77532,77532,11.2,2.231,0.1767,13.2346,0.04636,3.69127,3.81,1270,728,1460,0.998,1,3127,-21,3125,703,312.5,31984,Burning,Liquid
9.715,0.1,4853,704,4852,4749,689,4672,1.187,24.2,344,1569,0.998,2698,-10,2696,391,2156,313,1975,287,2.82,79.1,11.5,802,1.766,0.002,7.09E-05,5.3,1377992,9.47,0.011,34.91,0,553,553,0.1,,0.463,0.001,5.2,39493,6.733,0.022,9.3,0,77316,77316,11.2,2.228,0.1766,13.0578,0.04629,3.64491,3.81,1270,728,1460,0.999,1,3124,-17,3123,702,312.3,32297,Burning,Liquid
9.815,0.1,4843,702,4842,4739,687,4662,1.187,24.2,344,1569,0.999,2695,-9,2694,391,2148,312,1968,285,2.82,79.1,11.5,802,1.763,0.002,7.09E-05,5.3,1376099,9.468,0.011,34.87,0,552,552,0.1,,0.462,0.001,5.2,39422,6.731,0.022,9.28,0,77071,77071,11.2,2.225,0.1763,12.8813,0.0462,3.59862,3.82,1270,728,1460,0.999,1,3119,-38,3119,701,311.9,32609,Burning,Liquid
9.915,0.1,4833,701,4832,4729,686,4652,1.187,24.2,344,1569,0.999,2692,-30,2692,390,2140,310,1960,284,2.82,79,11.5,802,1.76,0.002,7.09E-05,5.3,1373943,9.467,0.011,34.81,0,550,550,0.1,,0.461,0.001,5.2,39350,6.73,0.022,9.26,0,76822,76822,11.1,2.222,0.176,12.705,0.04612,3.55242,3.82,1270,728,1460,0.999,1,3113,-60,3115,700,311.5,32921,Burning,Liquid
10.015,0.1,4823,699,4822,4719,684,4643,1.187,24.2,344,1569,0.999,2687,-49,2688,390,2134,309,1954,283,2.82,78.9,11.4,802,1.758,0.002,7.09E-05,5.3,1371856,9.466,0.011,34.76,0,549,549,0.1,,0.46,0.001,5.2,39284,6.729,0.022,9.25,0,76592,76592,11.1,2.218,0.1758,12.5289,0.04604,3.5063,3.82,1270,728,1460,0.999,1,3108,-69,3109,699,310.9,33233,Burning,Liquid
10.115,0.1,4813,698,4812,4709,683,4633,1.187,24.2,344,1569,0.999,2683,-54,2684,389,2128,309,1949,283,2.82,78.8,11.4,802,1.755,0.002,7.09E-05,5.3,1369944,9.465,0.011,34.71,0,548,548,0.1,,0.46,0.001,5.2,39225,6.727,0.022,9.24,0,76388,76388,11.1,2.215,0.1755,12.3532,0.04597,3.46026,3.82,1270,728,1460,0.998,1,3103,-63,3103,698,310.3,33543,Burning,Liquid
10.215,0.1,4803,697,4802,4700,682,4623,1.187,24.2,344,1569,0.998,2679,-47,2679,389,2123,308,1944,282,2.82,78.6,11.4,802,1.753,0.002,7.09E-05,5.3,1368132,9.464,0.011,34.66,0,546,546,0.1,,0.459,0.001,5.2,39169,6.726,0.022,9.22,0,76196,76196,11.1,2.212,0.1753,12.1776,0.04591,3.41429,3.82,1270,728,1460,0.998,1,3098,-53,3097,696,309.7,33854,Burning,Liquid
10.315,0.1,4793,695,4792,4690,680,4613,1.187,24.2,344,1569,0.998,2676,-37,2675,388,2117,307,1938,281,2.82,78.5,11.4,806,1.753,0.002,7.16E-05,5.2,1355127,9.456,0.011,34.49,0,544,544,0.1,,0.458,0.001,5.2,39114,6.725,0.022,9.21,0,76004,76004,11,2.211,0.1753,12.0023,0.04584,3.36838,3.82,1270,728,1460,0.998,1,3096,-15,3094,695,309.4,34163,Burning,Liquid
10.415,0.1,4783,694,4783,4680,679,4604,1.187,24.2,344,1569,0.998,2675,-6,2673,388,2110,306,1931,280,2.82,78.4,11.4,806,1.751,0.002,7.16E-05,5.2,1353838,9.456,0.011,34.46,0,543,543,0.1,,0.458,0.001,5.2,39049,6.724,0.022,9.19,0,75781,75781,11,2.209,0.1751,11.827,0.04577,3.32254,3.83,1270,728,1460,0.999,1,3092,-18,3091,695,309.1,34473,Burning,Liquid
10.515,0.1,4773,692,4773,4670,677,4594,1.187,24.2,344,1569,0.999,2672,-12,2671,387,2102,305,1923,279,2.82,78.4,11.4,806,1.749,0.002,7.16E-05,5.2,1351886,9.455,0.011,34.41,0,542,542,0.1,,0.457,0.001,5.2,38976,6.722,0.022,9.18,0,75531,75531,11,2.205,0.1749,11.6519,0.04568,3.27678,3.83,1270,728,1460,0.999,1,3087,-42,3088,694,308.8,34782,Burning,Liquid
10.615,0.1,4763,691,4763,4660,676,4584,1.187,24.2,344,1569,0.999,2668,-35,2668,387,2094,304,1916,278,2.82,78.3,11.4,806,1.746,0.002,7.16E-05,5.2,1349740,9.454,0.011,34.35,0,540,540,0.1,,0.456,0.001,5.2,38904,6.721,0.022,9.16,0,75285,75285,10.9,2.202,0.1746,11.4771,0.0456,3.2311,3.83,1270,728,1460,0.999,1,3081,-64,3083,693,308.3,35091,Burning,Liquid
10.715,0.1,4753,689,4753,4650,674,4575,1.187,24.2,344,1569,0.999,2663,-52,2664,386,2088,303,1910,277,2.82,78.2,11.3,806,1.743,0.002,7.16E-05,5.2,1347709,9.453,0.011,34.3,0,539,539,0.1,,0.455,0.001,5.2,38839,6.72,0.022,9.14,0,75062,75062,10.9,2.198,0.1743,11.3025,0.04552,3.1855,3.83,1270,728,1460,0.998,1,3076,-69,3077,692,307.7,35399,Burning,Liquid
10.815,0.1,4744,688,4743,4640,673,4565,1.187,24.2,344,1569,0.999,2659,-54,2660,386,2083,302,1905,276,2.82,78.1,11.3,806,1.741,0.002,7.16E-05,5.2,1345855,9.452,0.011,34.25,0,537,537,0.1,,0.455,0.001,5.1,38781,6.719,0.022,9.13,0,74864,74864,10.9,2.195,0.1741,11.1282,0.04545,3.13998,3.83,1270,728,1460,0.998,1,3071,-61,3071,690,307.1,35707,Burning,Liquid
10.915,0.1,4734,687,4733,4630,672,4555,1.187,24.2,344,1569,0.998,2655,-45,2655,385,2078,301,1900,276,2.82,77.9,11.3,809,1.741,0.002,7.22E-05,5.2,1333228,9.444,0.011,34.09,0,536,536,0.1,,0.454,0.001,5.1,38727,6.718,0.022,9.12,0,74677,74677,10.8,2.194,0.1741,10.9541,0.04539,3.09453,3.83,1270,728,1460,0.998,1,3069,-20,3067,689,306.7,36014,Burning,Liquid
11.015,0.1,4724,685,4723,4620,670,4546,1.187,24.2,344,1569,0.998,2654,-9,2652,385,2071,300,1893,275,2.82,77.8,11.3,809,1.739,0.002,7.22E-05,5.2,1332009,9.444,0.011,34.05,0,535,535,0.1,,0.453,0.001,5.1,38664,6.716,0.022,9.1,0,74463,74463,10.8,2.192,0.1739,10.78,0.04531,3.04914,3.84,1270,728,1460,0.999,1,3065,-18,3064,689,306.4,36320,Burning,Liquid
11.115,0.1,4714,684,4713,4611,669,4536,1.187,24.2,344,1569,0.999,2651,-10,2651,384,2063,299,1886,273,2.82,77.8,11.3,809,1.737,0.002,7.22E-05,5.2,1330118,9.443,0.011,34.01,0,533,533,0.1,,0.452,0.001,5.1,38593,6.715,0.022,9.09,0,74222,74222,10.8,2.189,0.1737,10.6061,0.04523,3.00382,3.84,1270,728,1460,0.999,1,3060,-39,3060,688,306,36627,Burning,Liquid
11.215,0.1,4704,682,4704,4601,667,4527,1.187,24.2,344,1569,0.999,2647,-31,2648,384,2056,298,1878,272,2.82,77.7,11.3,809,1.734,0.002,7.22E-05,5.2,1327992,9.442,0.011,33.95,0,532,532,0.1,,0.451,0.001,5.1,38522,6.714,0.022,9.07,0,73978,73978,10.7,2.185,0.1734,10.4325,0.04515,2.95859,3.84,1270,728,1460,0.999,1,3054,-61,3056,687,305.6,36933,Burning,Liquid
11.315,0.1,4694,681,4694,4591,666,4517,1.187,24.2,344,1569,0.999,2643,-50,2644,384,2049,297,1873,272,2.82,77.6,11.3,809,1.731,0.002,7.22E-05,5.1,1325949,9.441,0.011,33.9,0,530,530,0.1,,0.451,0.001,5.1,38456,6.712,0.022,9.05,0,73754,73754,10.7,2.182,0.1731,10.2591,0.04507,2.91345,3.84,1270,728,1460,0.998,1,3049,-69,3050,686,305,37238,Burning,Liquid
11.415,0.1,4685,679,4684,4581,664,4507,1.187,24.2,344,1569,0.999,2639,-54,2640,383,2044,296,1868,271,2.82,77.5,11.2,809,1.729,0.002,7.22E-05,5.1,1324083,9.44,0.011,33.85,0,529,529,0.1,,0.45,0.001,5.1,38397,6.711,0.022,9.04,0,73555,73555,10.7,2.179,0.1729,10.086,0.045,2.86837,3.84,1270,728,1460,0.998,1,3044,-62,3044,684,304.4,37543,Burning,Liquid
11.515,0.1,4675,678,4674,4571,663,4498,1.187,24.2,344,1569,0.998,2635,-46,2635,382,2039,296,1863,270,2.82,77.3,11.2,813,1.728,0.002,7.29E-05,5.1,1311752,9.432,0.011,33.69,0,527,527,0.1,,0.449,0.001,5.1,38342,6.71,0.022,9.03,0,73369,73369,10.6,2.178,0.1728,9.9131,0.04494,2.82337,3.85,1270,728,1460,0.998,1,3042,-23,3040,683,304,37848,Burning,Liquid
11.615,0.1,4665,677,4664,4562,662,4488,1.187,24.2,344,1569,0.998,2634,-12,2632,382,2032,295,1856,269,2.82,77.3,11.2,813,1.727,0.002,7.29E-05,5.1,1310533,9.432,0.011,33.66,0,526,526,0.1,,0.449,0.001,5.1,38280,6.709,0.022,9.01,0,73159,73159,10.6,2.175,0.1727,9.7403,0.04486,2.77843,3.85,1270,728,1460,0.999,1,3038,-19,3037,683,303.7,38152,Burning,Liquid
11.715,0.1,4655,675,4655,4552,660,4479,1.187,24.2,344,1569,0.999,2631,-11,2630,382,2024,294,1848,268,2.82,77.2,11.2,813,1.724,0.002,7.29E-05,5.1,1308668,9.431,0.011,33.61,0,525,525,0.1,,0.448,0.001,5.1,38210,6.707,0.022,9,0,72922,72922,10.6,2.172,0.1724,9.5676,0.04478,2.73357,3.85,1270,728,1460,0.999,1,3033,-39,3033,682,303.3,38455,Burning,Liquid
11.815,0.1,4645,674,4645,4542,659,4469,1.187,24.2,344,1569,0.999,2627,-31,2628,381,2017,293,1841,267,2.82,77.1,11.2,813,1.722,0.002,7.29E-05,5.1,1306569,9.43,0.011,33.55,0,523,523,0.1,,0.447,0.001,5.1,38139,6.706,0.022,8.98,0,72682,72682,10.5,2.169,0.1722,9.3952,0.0447,2.68879,3.85,1270,728,1460,0.999,1,3027,-60,3029,681,302.9,38759,Burning,Liquid
11.915,0.1,4636,672,4635,4532,657,4460,1.187,24.2,344,1569,0.999,2623,-49,2624,381,2011,292,1836,266,2.82,77,11.2,813,1.719,0.002,7.29E-05,5.1,1304544,9.428,0.011,33.5,0,522,522,0.1,,0.446,0.001,5.1,38074,6.705,0.022,8.96,0,72461,72461,10.5,2.165,0.1719,9.2231,0.04462,2.64409,3.85,1270,728,1460,0.998,1,3022,-68,3023,680,302.3,39062,Burning,Liquid
12.015,0.1,4626,671,4625,4523,656,4450,1.187,24.2,344,1569,0.999,2619,-53,2620,380,2006,291,1831,265,2.82,76.9,11.2,813,1.716,0.002,7.29E-05,5.1,1302688,9.427,0.011,33.45,0,520,520,0.1,,0.446,0.001,5,38015,6.703,0.022,8.95,0,72263,72263,10.5,2.162,0.1716,9.0512,0.04455,2.59946,3.85,1270,728,1460,0.998,1,3017,-62,3017,678,301.7,39364,Burning,Liquid
12.115,0.1,4616,670,4616,4513,655,4441,1.187,24.2,344,1569,0.998,2615,-46,2615,379,2001,290,1826,265,2.82,76.7,11.1,817,1.716,0.002,7.36E-05,5.1,1290676,9.42,0.011,33.29,0,518,518,0.1,,0.445,0.001,5,37960,6.702,0.022,8.94,0,72078,72078,10.5,2.161,0.1716,8.8795,0.04449,2.55491,3.86,1270,728,1460,0.998,1,3014,-23,3013,677,301.3,39665,Burning,Liquid
12.215,0.1,4607,668,4606,4503,653,4431,1.187,24.2,344,1569,0.998,2614,-12,2612,379,1994,289,1819,264,2.82,76.7,11.1,817,1.714,0.002,7.36E-05,5,1289450,9.42,0.011,33.26,0,517,517,0.1,,0.444,0.001,5,37898,6.701,0.022,8.92,0,71870,71870,10.4,2.159,0.1714,8.7079,0.04442,2.51042,3.86,1270,728,1460,0.999,1,3011,-20,3010,677,301,39967,Burning,Liquid
12.315,0.1,4597,667,4596,4493,652,4422,1.187,24.2,344,1569,0.999,2611,-12,2610,379,1986,288,1811,263,2.82,76.6,11.1,817,1.712,0.002,7.36E-05,5,1287599,9.419,0.011,33.21,0,516,516,0.1,,0.443,0.001,5,37828,6.7,0.022,8.91,0,71636,71636,10.4,2.155,0.1712,8.5365,0.04434,2.466,3.86,1270,728,1460,0.999,1,3006,-40,3006,676,300.6,40268,Burning,Liquid
12.415,0.1,4587,665,4587,4484,650,4412,1.187,24.2,344,1569,0.999,2607,-31,2608,378,1979,287,1805,262,2.82,76.5,11.1,817,1.709,0.002,7.36E-05,5,1285521,9.417,0.011,33.16,0,515,515,0.1,,0.443,0.001,5,37758,6.698,0.022,8.89,0,71399,71399,10.4,2.152,0.1709,8.3653,0.04425,2.42167,3.86,1270,728,1460,0.999,1,3000,-60,3001,675,300.1,40568,Burning,Liquid
12.515,0.1,4577,664,4577,4474,649,4403,1.187,24.2,344,1569,0.999,2603,-49,2604,378,1973,286,1799,261,2.82,76.4,11.1,817,1.707,0.002,7.36E-05,5,1283517,9.416,0.011,33.11,0,513,513,0.1,,0.442,0.001,5,37692,6.697,0.022,8.87,0,71180,71180,10.3,2.148,0.1707,8.1944,0.04418,2.37742,3.86,1270,728,1460,0.998,1,2995,-67,2996,673,299.6,40868,Burning,Liquid
12.615,0.1,4568,663,4567,4464,648,4393,1.187,24.2,344,1569,0.999,2598,-53,2599,377,1968,285,1794,260,2.82,76.3,11.1,817,1.704,0.002,7.36E-05,5,1281678,9.415,0.011,33.06,0,512,512,0.1,,0.441,0.001,5,37634,6.696,0.022,8.86,0,70984,70984,10.3,2.145,0.1704,8.0237,0.04411,2.33324,3.86,1270,728,1460,0.998,1,2989,-62,2990,672,299,41168,Burning,Liquid
12.715,0.1,4558,661,4558,4455,646,4384,1.187,24.2,344,1569,0.998,2595,-46,2595,376,1963,285,1789,259,2.82,76.2,11,821,1.704,0.002,7.42E-05,5,1269935,9.408,0.011,32.9,0,510,510,0.1,,0.44,0.001,5,37579,6.695,0.022,8.85,0,70801,70801,10.3,2.144,0.1704,7.8533,0.04404,2.28913,3.87,1270,728,1460,0.998,1,2987,-24,2985,671,298.5,41467,Burning,Liquid
12.815,0.1,4549,660,4548,4445,645,4374,1.187,24.2,344,1569,0.998,2593,-13,2592,376,1956,284,1783,259,2.82,76.1,11,821,1.702,0.002,7.42E-05,5,1268701,9.407,0.011,32.87,0,509,509,0.1,,0.44,0.001,5,37517,6.693,0.022,8.83,0,70595,70595,10.2,2.142,0.1702,7.6829,0.04397,2.24509,3.87,1270,728,1460,0.999,1,2983,-21,2982,670,298.2,41765,Burning,Liquid
12.915,0.1,4539,658,4538,4436,643,4365,1.187,24.2,344,1569,0.999,2591,-13,2590,376,1949,283,1775,257,2.82,76,11,821,1.7,0.002,7.42E-05,5,1266861,9.406,0.011,32.82,0,508,508,0.1,,0.439,0.001,5,37448,6.692,0.022,8.82,0,70364,70364,10.2,2.138,0.17,7.5127,0.04389,2.20112,3.87,1270,728,1460,0.999,1,2978,-40,2979,670,297.9,42064,Burning,Liquid
13.015,0.1,4529,657,4529,4426,642,4356,1.187,24.2,344,1569,0.999,2587,-31,2587,375,1942,282,1768,256,2.82,75.9,11,821,1.697,0.002,7.42E-05,5,1264803,9.405,0.011,32.77,0,506,506,0.1,,0.438,0.001,5,37377,6.69,0.022,8.8,0,70130,70130,10.2,2.135,0.1697,7.3428,0.04381,2.15723,3.87,1270,728,1460,0.999,1,2973,-60,2974,669,297.4,42362,Burning,Liquid
13.115,0.1,4520,656,4519,4416,641,4346,1.187,24.2,344,1569,0.999,2582,-49,2583,375,1936,281,1763,256,2.82,75.8,11,821,1.694,0.002,7.42E-05,5,1262819,9.404,0.011,32.72,0,505,505,0.1,,0.437,0.001,5,37312,6.689,0.022,8.79,0,69914,69914,10.1,2.131,0.1694,7.1731,0.04373,2.11342,3.87,1270,728,1460,0.998,1,2967,-67,2968,667,296.8,42659,Burning,Liquid
13.215,0.1,4510,654,4510,4407,639,4337,1.187,24.2,344,1569,0.999,2578,-53,2579,374,1931,280,1758,255,2.82,75.7,11,821,1.692,0.002,7.42E-05,5,1260998,9.403,0.011,32.67,0,503,503,0.1,,0.437,0.001,4.9,37254,6.688,0.022,8.77,0,69720,69720,10.1,2.128,0.1692,7.0037,0.04366,2.06969,3.87,1270,728,1460,0.998,1,2962,-61,2962,666,296.2,42956,Burning,Liquid
13.315,0.1,4501,653,4500,4397,638,4327,1.187,24.2,344,1569,0.998,2574,-46,2574,373,1926,279,1753,254,2.82,75.6,11,824,1.691,0.002,7.49E-05,4.9,1249555,9.395,0.011,32.52,0,502,502,0.1,,0.436,0.001,4.9,37199,6.687,0.022,8.76,0,69538,69538,10.1,2.127,0.1691,6.8345,0.0436,2.02603,3.88,1299,745,1477,0.998,1,2994,319,2975,669,297.5,43252,Burning,Liquid
13.415,0.1,4491,651,4490,4388,636,4318,1.173,24.6,337,1574,0.998,2582,75,2576,374,1915,278,1742,253,2.82,74,10.7,824,1.689,0.002,7.49E-05,4.9,1247596,9.395,0.011,32.47,0,500,500,0.1,,0.435,0.001,4.9,37114,6.685,0.022,8.74,0,69258,69258,10,2.124,0.1689,6.6654,0.0435,1.98243,3.88,1299,770,1479,1,1,2985,101,2980,670,298,43550,Burning,Liquid
13.515,0.1,4481,650,4481,4378,635,4309,1.173,24.6,337,1577,1,2582,60,2579,374,1902,276,1730,251,2.82,74.1,10.8,824,1.685,0.002,7.49E-05,4.9,1244571,9.393,0.011,32.39,0,498,498,0.1,,0.434,0.001,4.9,37006,6.683,0.022,8.71,0,68903,68903,10,2.118,0.1685,6.4965,0.04337,1.93894,3.88,1301,771,1480,1,1,2980,0,2980,670,298,43848,Burning,Liquid
13.615,0.1,4472,649,4471,4368,634,4300,1.174,24.6,337,1579,1,2578,-10,2578,374,1893,275,1721,250,2.82,74.2,10.8,824,1.68,0.002,7.49E-05,4.9,1241576,9.391,0.011,32.31,0,496,496,0.1,,0.433,0.001,4.9,36906,6.681,0.022,8.69,0,68572,68572,9.9,2.113,0.168,6.3281,0.04325,1.89556,3.89,1301,769,1478,1,1,2970,-101,2975,669,297.5,44146,Burning,Liquid
13.715,0.1,4462,647,4462,4359,632,4290,1.174,24.6,337,1580,1,2573,-56,2575,374,1886,274,1715,249,2.82,74.1,10.8,824,1.677,0.002,7.49E-05,4.9,1239014,9.39,0.011,32.24,0,494,494,0.1,,0.432,0.001,4.9,36822,6.679,0.022,8.67,0,68297,68297,9.9,2.109,0.1677,6.16,0.04316,1.85231,3.89,1299,768,1477,0.998,1,2961,-143,2966,667,296.6,44443,Burning,Liquid
13.815,0.1,4453,646,4452,4349,631,4281,1.173,24.6,337,1580,0.999,2568,-77,2570,373,1882,273,1711,248,2.82,73.9,10.7,824,1.674,0.002,7.49E-05,4.9,1237052,9.388,0.011,32.19,0,492,492,0.1,,0.431,0.001,4.9,36760,6.678,0.022,8.65,0,68091,68091,9.9,2.105,0.1674,5.9923,0.04308,1.80915,3.89,1299,770,1479,0.997,1,2958,-79,2957,665,295.7,44740,Burning,Liquid
13.915,0.1,4443,644,4443,4340,629,4272,1.173,24.6,337,1580,0.998,2564,-63,2564,372,1879,272,1708,248,2.82,73.7,10.7,828,1.674,0.002,7.55E-05,4.9,1226018,9.381,0.011,32.05,0,491,491,0.1,,0.43,0.001,4.9,36710,6.677,0.022,8.64,0,67927,67927,9.9,2.104,0.1674,5.8249,0.04302,1.76607,3.89,1299,770,1479,0.997,1,2956,-13,2952,664,295.2,45035,Burning,Liquid
14.015,0.1,4434,643,4433,4330,628,4263,1.173,24.6,337,1580,0.998,2563,-15,2561,371,1873,272,1702,247,2.82,73.6,10.7,828,1.673,0.002,7.55E-05,4.9,1224958,9.381,0.011,32.02,0,490,490,0.1,,0.43,0.001,4.9,36655,6.676,0.022,8.63,0,67747,67747,9.8,2.102,0.1673,5.6575,0.04296,1.72305,3.89,1299,770,1479,0.998,1,2952,1,2949,663,294.9,45331,Burning,Liquid
14.115,0.1,4424,642,4424,4321,627,4253,1.173,24.6,337,1580,0.999,2560,-4,2559,371,1865,271,1695,246,2.82,73.5,10.7,828,1.67,0.002,7.55E-05,4.8,1223210,9.38,0.011,31.97,0,489,489,0.1,,0.429,0.001,4.9,36588,6.674,0.022,8.61,0,67529,67529,9.8,2.099,0.167,5.4902,0.04288,1.68009,3.89,1299,770,1479,0.999,1,2947,-23,2947,663,294.7,45626,Burning,Liquid
14.215,0.1,4415,640,4414,4312,625,4244,1.173,24.6,337,1580,0.999,2556,-22,2556,371,1858,269,1688,245,2.82,73.5,10.7,828,1.667,0.002,7.55E-05,4.8,1221132,9.379,0.011,31.92,0,487,487,0.1,,0.428,0.001,4.8,36516,6.673,0.022,8.6,0,67295,67295,9.8,2.095,0.1667,5.3232,0.0428,1.6372,3.9,1299,770,1479,0.999,1,2941,-56,2943,662,294.3,45920,Burning,Liquid
14.315,0.1,4406,639,4405,4302,624,4235,1.173,24.6,337,1580,0.999,2552,-46,2553,370,1852,269,1682,244,2.82,73.4,10.6,828,1.665,0.002,7.55E-05,4.8,1219090,9.377,0.011,31.86,0,486,486,0.1,,0.427,0.001,4.8,36449,6.671,0.022,8.58,0,67074,67074,9.7,2.092,0.1665,5.1564,0.04272,1.59441,3.9,1299,770,1479,0.999,1,2936,-73,2937,660,293.7,46215,Burning,Liquid
14.415,0.1,4396,638,4396,4293,623,4226,1.173,24.6,337,1580,0.999,2547,-56,2549,370,1847,268,1677,243,2.82,73.3,10.6,828,1.662,0.002,7.55E-05,4.8,1217252,9.376,0.011,31.82,0,484,484,0.1,,0.426,0.001,4.8,36389,6.67,0.022,8.57,0,66880,66880,9.7,2.089,0.1662,4.99,0.04265,1.55169,3.9,1299,770,1479,0.998,1,2930,-70,2931,659,293.1,46508,Burning,Liquid
14.515,0.1,4387,636,4386,4283,621,4216,1.173,24.6,337,1580,0.998,2544,-50,2544,369,1842,267,1673,243,2.82,73.1,10.6,832,1.662,0.002,7.62E-05,4.8,1206384,9.369,0.011,31.67,0,483,483,0.1,,0.426,0.001,4.8,36335,6.669,0.022,8.55,0,66704,66704,9.7,2.087,0.1662,4.8238,0.04259,1.50904,3.9,1299,770,1479,0.998,1,2928,-31,2926,658,292.6,46801,Burning,Liquid
14.615,0.1,4377,635,4377,4274,620,4207,1.173,24.6,337,1580,0.998,2542,-17,2541,368,1836,266,1666,242,2.82,73,10.6,832,1.66,0.002,7.62E-05,4.8,1205184,9.369,0.011,31.64,0,482,482,0.1,,0.425,0.001,4.8,36276,6.668,0.022,8.54,0,66511,66511,9.6,2.085,0.166,4.6576,0.04252,1.46645,3.9,1299,770,1479,0.998,1,2924,-23,2923,657,292.3,47094,Burning,Liquid
14.715,0.1,4368,634,4367,4264,619,4198,1.173,24.6,337,1580,0.999,2539,-13,2538,368,1829,265,1660,241,2.82,73,10.6,832,1.657,0.002,7.62E-05,4.8,1203417,9.368,0.011,31.59,0,480,480,0.1,,0.424,0.001,4.8,36208,6.666,0.023,8.53,0,66292,66292,9.6,2.082,0.1657,4.4916,0.04244,1.42394,3.91,1299,770,1479,0.999,1,2919,-38,2919,656,291.9,47386,Burning,Liquid
14.815,0.1,4359,632,4358,4255,617,4189,1.173,24.6,337,1580,0.999,2535,-30,2536,368,1822,264,1653,240,2.82,72.9,10.6,832,1.655,0.002,7.62E-05,4.8,1201424,9.366,0.011,31.54,0,479,479,0.1,,0.424,0.001,4.8,36139,6.665,0.023,8.51,0,66068,66068,9.6,2.078,0.1655,4.3259,0.04236,1.3815,3.91,1299,770,1479,0.999,1,2914,-58,2915,655,291.5,47678,Burning,Liquid
14.915,0.1,4349,631,4349,4246,616,4180,1.173,24.6,337,1580,0.999,2531,-47,2532,367,1817,263,1648,239,2.82,72.8,10.6,832,1.652,0.002,7.62E-05,4.8,1199488,9.365,0.011,31.49,0,478,478,0.1,,0.423,0.001,4.8,36074,6.663,0.023,8.49,0,65859,65859,9.6,2.075,0.1652,4.1604,0.04228,1.33915,3.91,1299,770,1479,0.998,1,2908,-66,2909,654,290.9,47970,Burning,Liquid
15.015,0.1,4340,629,4339,4236,614,4171,1.173,24.6,337,1580,0.999,2527,-52,2528,367,1812,263,1643,238,2.82,72.7,10.5,832,1.65,0.002,7.62E-05,4.8,1197707,9.364,0.011,31.44,0,476,476,0.1,,0.422,0.001,4.8,36016,6.662,0.023,8.48,0,65671,65671,9.5,2.072,0.165,3.9952,0.04221,1.29687,3.91,1299,770,1479,0.998,1,2903,-62,2903,653,290.3,48261,Burning,Liquid
15.115,0.1,4330,628,4330,4227,613,4161,1.173,24.6,337,1580,0.998,2523,-46,2523,366,1807,262,1638,238,2.82,72.5,10.5,835,1.649,0.002,7.69E-05,4.7,1187050,9.357,0.011,31.3,0,475,475,0.1,,0.421,0.001,4.8,35962,6.661,0.023,8.47,0,65495,65495,9.5,2.07,0.1649,3.8303,0.04215,1.25466,3.91,1299,770,1479,0.998,1,2900,-27,2899,652,289.9,48551,Burning,Liquid
15.215,0.1,4321,627,4321,4218,612,4152,1.173,24.6,337,1580,0.998,2522,-16,2520,366,1801,261,1632,237,2.82,72.4,10.5,835,1.647,0.002,7.69E-05,4.7,1185807,9.357,0.011,31.27,0,474,474,0.1,,0.421,0.001,4.8,35901,6.66,0.023,8.45,0,65299,65299,9.5,2.068,0.1647,3.6654,0.04208,1.21251,3.92,1299,770,1479,0.999,1,2896,-24,2895,651,289.5,48841,Burning,Liquid
15.315,0.1,4312,625,4311,4208,610,4143,1.173,24.6,337,1580,0.999,2519,-15,2518,365,1793,260,1625,236,2.82,72.4,10.5,835,1.645,0.002,7.69E-05,4.7,1184024,9.355,0.011,31.22,0,472,472,0.1,,0.42,0.001,4.8,35833,6.658,0.023,8.44,0,65080,65080,9.4,2.065,0.1645,3.5006,0.042,1.17043,3.92,1299,770,1479,0.999,1,2891,-42,2892,650,289.2,49130,Burning,Liquid
15.415,0.1,4302,624,4302,4199,609,4134,1.173,24.6,337,1580,0.999,2515,-32,2515,365,1787,259,1619,235,2.82,72.3,10.5,835,1.642,0.002,7.69E-05,4.7,1182051,9.354,0.011,31.17,0,471,471,0.1,,0.419,0.001,4.7,35764,6.657,0.023,8.42,0,64859,64859,9.4,2.061,0.1642,3.3361,0.04192,1.12844,3.92,1299,770,1479,0.999,1,2886,-60,2887,649,288.7,49419,Burning,Liquid
15.515,0.1,4293,623,4293,4190,608,4125,1.173,24.6,337,1580,0.999,2510,-48,2511,364,1781,258,1614,234,2.82,72.2,10.5,835,1.639,0.002,7.69E-05,4.7,1180151,9.353,0.011,31.12,0,469,469,0.1,,0.418,0.001,4.7,35700,6.655,0.023,8.41,0,64654,64654,9.4,2.058,0.1639,3.1719,0.04184,1.08652,3.92,1299,770,1479,0.998,1,2880,-66,2881,648,288.1,49708,Burning,Liquid
15.615,0.1,4284,621,4283,4180,606,4116,1.173,24.6,337,1580,0.999,2506,-52,2507,364,1777,258,1609,233,2.82,72.1,10.5,835,1.637,0.002,7.69E-05,4.7,1178403,9.352,0.011,31.07,0,468,468,0.1,,0.418,0.001,4.7,35643,6.654,0.023,8.39,0,64470,64470,9.4,2.055,0.1637,3.008,0.04177,1.04468,3.92,1299,770,1479,0.998,1,2875,-61,2875,646,287.5,49996,Burning,Liquid
15.715,0.1,4275,620,4274,4171,605,4107,1.173,24.6,337,1580,0.998,2502,-45,2502,363,1772,257,1604,233,2.82,71.9,10.4,839,1.636,0.002,7.75E-05,4.7,1168005,9.345,0.011,30.93,0,467,467,0.1,,0.417,0.001,4.7,35588,6.653,0.023,8.38,0,64296,64296,9.3,2.053,0.1636,2.8443,0.04171,1.00291,3.92,1299,770,1479,0.998,1,2873,-27,2871,645,287.1,50284,Burning,Gas
15.815,0.1,4169,605,4169,4066,590,4001,1.173,24.6,337,1580,1,2501,-15,2502,363,1667,242,1499,217,2.82,71.9,10.4,121,0.602,0.005,1.66E-05,12,2009471,9.783,0.01,78.96,0,400,400,0.1,,0.403,0.001,4.6,34352,6.623,0.023,8.09,0,60457,60457,8.8,1.005,0.0602,2.6806,0.04026,0.9612,1.5,576,341,985,0.999,1,859,-20123,1864,419,186.4,50571,Burning,Gas
15.915,0.1,4066,590,4066,3963,575,3902,1.246,17.8,468,1401,1,1085,-14168,1794,260,2272,330,2109,306,2.93,46.6,6.8,117,0.647,0.006,1.64E-05,13.3,2177334,9.81,0.01,87.75,0,475,475,0.1,,0.44,0.001,5,37545,6.703,0.022,8.84,0,70490,70490,10.2,1.087,0.0647,2.6204,0.044,0.92094,1.47,569,277,1119,0.649,1,951,-9133,1241,279,124.1,50757,Burning,Gas
16.015,0.1,3966,575,3965,3862,560,3792,1.253,17.7,471,1308,0.717,1096,-6973,1290,187,2676,388,2502,363,3.03,28.4,4.1,113,0.692,0.006,1.63E-05,14.7,2350462,9.868,0.01,97.14,0,556,556,0.1,,0.48,0.001,5.4,40961,6.768,0.022,9.64,0,82301,82301,11.9,1.172,0.0692,2.5557,0.04801,0.87693,1.44,564,261,1129,0.666,1,963,-2780,941,212,94.1,50881,Burning,Gas
16.115,0.1,3868,561,3867,3764,546,3682,1.261,17.6,472,1259,0.719,1138,-1514,1054,153,2813,408,2628,381,3.03,23.5,3.4,109,0.718,0.007,1.62E-05,15.8,2458722,9.898,0.01,104.2,0,615,615,0.1,,0.507,0.001,5.7,43220,6.806,0.022,10.18,0,90607,90607,13.1,1.225,0.0718,2.4865,0.05065,0.82893,1.42,561,255,1123,0.758,1,988,469,845,190,84.5,50975,Burning,Gas
16.215,0.1,3772,547,3772,3669,532,3578,1.267,17.6,473,1233,0.817,1164,1103,1003,145,2769,402,2575,374,3.03,22.5,3.3,106,0.722,0.007,1.60E-05,16.4,2492349,9.906,0.01,108.33,0,642,642,0.1,,0.517,0.001,5.9,44121,6.819,0.022,10.39,0,94064,94064,13.6,1.239,0.0722,2.4146,0.05171,0.77827,1.4,559,251,1117,0.898,1,992,1468,868,195,86.8,51060,Burning,Gas
16.315,0.1,3679,534,3679,3576,519,3482,1.274,17.5,474,1218,0.951,1164,1609,1055,153,2623,380,2427,352,3.03,23.9,3.5,102,0.695,0.007,1.59E-05,16.3,2418264,9.882,0.01,107.78,0,617,617,0.1,,0.512,0.001,5.8,43702,6.809,0.022,10.29,0,92554,92554,13.4,1.207,0.0695,2.3424,0.05122,0.72656,1.36,505,224,1058,1,1,894,267,881,198,88.1,51147,Burning,Gas
16.415,0.1,3588,520,3588,3485,505,3392,1.195,17.6,473,1195,1,1112,565,1083,157,2504,363,2309,335,2.82,32.1,4.7,99,0.668,0.007,1.58E-05,16.2,2342458,9.859,0.01,107.08,0,592,592,0.1,,0.5,0.001,5.7,42630,6.789,0.022,10.04,0,88595,88595,12.8,1.167,0.0668,2.273,0.04996,0.67535,1.34,505,285,1075,1,1,914,328,897,202,89.7,51235,Burning,Gas
16.515,0.1,3500,508,3499,3396,493,3308,1.195,17.6,473,1183,1,1064,-190,1074,156,2425,352,2234,324,2.82,31.9,4.6,97,0.652,0.007,1.57E-05,16.1,2295165,9.845,0.01,106.25,0,575,575,0.1,,0.491,0.001,5.6,41930,6.777,0.022,9.87,0,86009,86009,12.5,1.143,0.0652,2.2062,0.04914,0.62538,1.33,505,285,1075,1,1,887,-107,892,201,89.2,51325,Burning,Gas
16.615,0.1,3413,495,3413,3310,480,3224,1.195,17.6,473,1177,0.991,1037,-368,1051,152,2362,343,2173,315,2.82,31.2,4.5,94,0.632,0.007,1.56E-05,16.2,2245201,9.829,0.01,106.6,0,562,562,0.1,,0.485,0.001,5.5,41355,6.767,0.022,9.74,0,83924,83924,12.2,1.117,0.0632,2.141,0.04847,0.57624,1.3,505,285,1075,0.994,1,856,-362,872,196,87.2,51414,Burning,Gas
16.715,0.1,3329,483,3329,3226,468,3142,1.195,17.6,473,1174,0.979,1011,-399,1020,148,2308,335,2122,308,2.82,30.3,4.4,91,0.615,0.007,1.55E-05,16.3,2200189,9.814,0.01,107.15,0,551,551,0.1,,0.479,0.001,5.4,40863,6.758,0.022,9.62,0,82156,82156,11.9,1.094,0.0615,2.0778,0.04789,0.52777,1.28,505,285,1075,0.977,1,827,-448,840,189,84,51501,Burning,Gas
16.815,0.1,3247,471,3246,3143,456,3061,1.195,17.6,473,1173,0.971,989,-314,990,144,2256,327,2071,300,2.82,29.4,4.3,88,0.598,0.007,1.53E-05,16.3,2155848,9.8,0.01,107.69,0,540,540,0.1,,0.473,0.001,5.4,40376,6.749,0.022,9.51,0,80429,80429,11.7,1.071,0.0598,2.0163,0.04732,0.47988,1.26,499,281,1068,0.963,1,791,-485,801,180,80.1,51585,Burning,Gas
16.915,0.1,3167,459,3166,3063,444,2983,1.194,17.5,475,1170,0.97,966,-239,964,140,2202,319,2019,293,2.82,28.6,4.1,85,0.581,0.007,1.52E-05,16.4,2110952,9.784,0.01,108.17,0,529,529,0.1,,0.467,0.001,5.3,39864,6.739,0.022,9.39,0,78631,78631,11.4,1.048,0.0581,1.9565,0.04672,0.43256,1.24,499,281,1071,0.954,1,766,-349,766,172,76.6,51665,Burning,Gas
17.015,0.1,3089,448,3088,2985,433,2906,1.194,17.5,475,1169,0.974,944,-193,942,137,2146,311,1965,285,2.82,27.9,4,84,0.569,0.007,1.52E-05,16.3,2074476,9.772,0.01,107.66,0,517,517,0.1,,0.461,0.001,5.2,39325,6.728,0.022,9.26,0,76758,76758,11.1,1.03,0.0569,1.8984,0.04609,0.38584,1.23,499,281,1071,0.956,1,743,-226,738,166,73.8,51742,Burning,Gas
17.115,0.1,3012,437,3012,2909,422,2832,1.194,17.5,475,1168,0.977,927,-143,924,134,2088,303,1908,277,2.82,27.4,4,81,0.552,0.007,1.51E-05,16.4,2027474,9.755,0.011,107.95,0,504,504,0.1,,0.454,0.001,5.1,38755,6.717,0.022,9.12,0,74799,74799,10.8,1.006,0.0552,1.8415,0.04542,0.33975,1.22,499,281,1071,0.964,1,715,-226,714,160,71.4,51815,Burning,Gas
17.215,0.1,2938,426,2937,2834,411,2760,1.194,17.5,475,1168,0.981,906,-180,906,131,2031,295,1854,269,2.82,26.9,3.9,78,0.536,0.007,1.50E-05,16.4,1981291,9.738,0.011,108.24,0,492,492,0.1,,0.448,0.001,5.1,38194,6.706,0.022,8.99,0,72892,72892,10.6,0.983,0.0536,1.7863,0.04476,0.29433,1.2,499,281,1071,0.967,1,689,-254,690,155,69,51887,Burning,Gas
17.315,0.1,2865,416,2865,2762,401,2689,1.194,17.5,475,1167,0.981,885,-213,887,129,1978,287,1802,261,2.82,26.3,3.8,77,0.524,0.007,1.49E-05,16.3,1946054,9.725,0.011,107.69,0,481,481,0.1,,0.441,0.001,5,37659,6.695,0.022,8.87,0,71092,71092,10.3,0.966,0.0524,1.7327,0.04414,0.24956,1.19,499,281,1071,0.966,1,667,-230,667,150,66.7,51956,Burning,Gas
17.415,0.1,2795,405,2794,2691,390,2620,1.194,17.5,475,1167,0.979,869,-182,869,126,1925,279,1751,254,2.82,25.8,3.7,75,0.509,0.007,1.48E-05,16.4,1902096,9.708,0.011,108.01,0,469,469,0.1,,0.435,0.001,4.9,37126,6.684,0.022,8.74,0,69318,69318,10.1,0.944,0.0509,1.6803,0.04351,0.20543,1.17,499,281,1071,0.967,1,641,-259,644,145,64.4,52022,Burning,Gas
17.515,0.1,2726,395,2725,2622,380,2553,1.194,17.5,475,1167,0.979,849,-195,850,123,1875,272,1703,247,2.82,25.2,3.7,72,0.494,0.007,1.47E-05,16.4,1859385,9.691,0.011,108.36,0,459,459,0.1,,0.429,0.001,4.9,36605,6.673,0.022,8.62,0,67607,67607,9.8,0.923,0.0494,1.6294,0.0429,0.16191,1.15,499,281,1071,0.965,1,616,-274,619,139,61.9,52087,Burning,Gas
17.615,0.1,2658,386,2658,2555,371,2487,1.194,17.5,475,1167,0.979,830,-200,832,121,1826,265,1656,240,2.82,24.6,3.6,70,0.479,0.007,1.46E-05,16.5,1817778,9.674,0.011,108.73,0,448,448,0.1,,0.423,0.001,4.8,36099,6.663,0.023,8.5,0,65960,65960,9.6,0.903,0.0479,1.58,0.04231,0.11901,1.13,499,281,1071,0.962,1,592,-271,594,134,59.4,52149,Burning,Gas
17.715,0.1,2593,376,2592,2489,361,2423,1.194,17.5,475,1167,0.978,812,-194,813,118,1779,258,1610,234,2.82,24.1,3.5,69,0.469,0.007,1.45E-05,16.4,1785638,9.661,0.011,108.21,0,438,438,0.1,,0.417,0.001,4.7,35602,6.652,0.023,8.38,0,64361,64361,9.3,0.887,0.0469,1.5321,0.04173,0.0767,1.12,476,269,1046,0.96,1,551,-433,562,126,56.2,52208,Burning,Gas
17.815,0.1,2529,367,2528,2425,352,2361,1.153,16.8,494,1151,0.978,787,-258,791,115,1737,252,1570,228,2.82,22,3.2,67,0.456,0.007,1.44E-05,16.5,1747391,9.645,0.011,108.7,0,429,429,0.1,,0.412,0.001,4.7,35150,6.642,0.023,8.28,0,62919,62919,9.1,0.868,0.0456,1.4851,0.0412,0.03498,1.11,476,296,1100,0.945,1,567,59,549,123,54.9,52264,Burning,Gas
17.915,0.1,2466,358,2466,2363,343,2300,1.153,16.8,494,1144,0.973,765,-258,768,111,1698,246,1532,222,2.82,21.4,3.1,64,0.444,0.007,1.43E-05,16.6,1710734,9.629,0.011,109.26,0,421,421,0.1,,0.407,0.001,4.6,34723,6.633,0.023,8.18,0,61574,61574,8.9,0.851,0.0444,1.4395,0,0,1.09,469,292,1092,0.977,1,538,-110,537,121,53.7,52319,FD,Gas
