Engineering Strain 1,Engineering Stress 1 (MPa),Displacement (mm),Force (N),Engineering Strain 2,Engineering Stress 2 (MPa)
0,0,0.000,0.000,0,0
0.0005,102.3291104,0.004,494.297,0.0001571091909,55.10557414
0.00102,204.6582208,0.004,632.523,0.0001571091909,70.51538462
0.00146,293.486639,0.001,737.398,0.00003927729772,82.20713489
0.0023,272.9287667,0.001,833.917,0.00003927729772,92.96733556
0.0031,264.0305832,0.007,924.378,0.0002749410841,103.0521739
0.005,268.9399258,0.007,1010.041,0.0002749410841,112.6021182
0.007,267.5591732,0.010,1090.287,0.0003927729772,121.5481605
0.01,264.0305832,0.011,1165.849,0.0004320502749,129.9720178
0.049,318.6470199,0.010,1238.073,0.0003927729772,138.0237458
0.125,372.036121,0.017,1307.031,0.0006677140613,145.7113712
0.218,394.4349968,0.017,1372.048,0.0006677140613,152.9596433
0.234,395.0486646,0.016,1431.657,0.0006284367636,159.6050167
0.306,384.1560606,0.020,1490.600,0.0007855459544,166.1761427
0.33,360.3764323,0.023,1547.049,0.0009033778476,172.4692308
0.348,327.5452035,0.023,1601.410,0.0009033778476,178.5295429
0.36,289.958049,0.020,1651.190,0.0007855459544,184.0791527
0.366,266.7920884,0.017,1700.931,0.0006677140613,189.6244147
,,0.025,1749.907,0.000981932443,195.0843924
,,0.026,1798.934,0.001021209741,200.5500557
,,0.026,1847.310,0.001021209741,205.9431438
,,0.020,1895.535,0.0007855459544,211.319398
,,0.025,1945.582,0.000981932443,216.8987737
,,0.029,1993.944,0.001139041634,222.290301
,,0.029,2042.786,0.001139041634,227.73534
,,0.026,2091.906,0.001021209741,233.2113712
,,0.019,2141.844,0.0007462686567,238.7785953
,,0.029,2191.719,0.001139041634,244.338796
,,0.029,2241.950,0.001139041634,249.9386845
,,0.028,2293.014,0.001099764336,255.6314381
,,0.028,2343.079,0.001099764336,261.2128205
,,0.032,2394.462,0.001256873527,266.9411371
,,0.035,2445.149,0.00137470542,272.5918618
,,0.035,2495.874,0.00137470542,278.2468227
,,0.034,2546.785,0.001335428123,283.9225195
,,0.037,2598.789,0.001453260016,289.7200669
,,0.040,2649.761,0.001571091909,295.4025641
,,0.037,2701.720,0.001453260016,301.1950948
,,0.035,2754.605,0.00137470542,307.0908584
,,0.035,2806.573,0.00137470542,312.8843924
,,0.046,2858.900,0.001806755695,318.7179487
,,0.046,2911.137,0.001806755695,324.5414716
,,0.047,2964.296,0.001846032993,330.4677815
,,0.041,3017.799,0.001610369207,336.4324415
,,0.047,3072.336,0.001846032993,342.5123746
,,0.046,3125.471,0.001806755695,348.4360089
,,0.047,3179.147,0.001846032993,354.4199554
,,0.046,3231.769,0.001806755695,360.2863991
,,0.050,3286.483,0.001963864886,366.3860647
,,0.058,3339.945,0.002278083268,372.3461538
,,0.056,3394.537,0.002199528672,378.4322185
,,0.050,3449.300,0.001963864886,384.5373467
,,0.049,3502.750,0.001924587588,390.4960981
,,0.058,3557.683,0.002278083268,396.6201784
,,0.061,3611.623,0.002395915161,402.6335563
,,0.059,3665.479,0.002317360566,408.6375697
,,0.059,3720.580,0.002317360566,414.780379
,,0.068,3773.865,0.002670856245,420.7207358
,,0.068,3827.539,0.002670856245,426.7044593
,,0.064,3881.773,0.002513747054,432.7506132
,,0.061,3935.442,0.002395915161,438.7337793
,,0.071,3989.537,0.002788688138,444.764437
,,0.073,4043.902,0.002867242734,450.8251951
,,0.071,4098.822,0.002788688138,456.9478261
,,0.068,4152.528,0.002670856245,462.9351171
,,0.070,4206.305,0.002749410841,468.9303233
,,0.076,4260.238,0.002985074627,474.9429208
,,0.076,4314.166,0.002985074627,480.954961
,,0.079,4367.528,0.00310290652,486.9039019
,,0.079,4420.991,0.00310290652,492.8641026
,,0.080,4473.877,0.003142183818,498.7599777
,,0.083,4527.378,0.003260015711,504.7244147
,,0.083,4580.050,0.003260015711,510.5964326
,,0.086,4632.341,0.003377847604,516.4259755
,,0.083,4684.411,0.003260015711,522.2308807
,,0.086,4736.597,0.003377847604,528.0487179
,,0.088,4789.068,0.0034564022,533.8983278
,,0.088,4840.292,0.0034564022,539.6089186
,,0.095,4893.029,0.003731343284,545.4881828
,,0.098,4944.565,0.003849175177,551.2335563
,,0.101,4994.756,0.00396700707,556.8289855
,,0.101,5046.058,0.00396700707,562.548272
,,0.101,5096.814,0.00396700707,568.206689
,,0.101,5147.251,0.00396700707,573.8295429
,,0.105,5196.677,0.004124116261,579.3396878
,,0.110,5246.966,0.004320502749,584.9460424
,,0.110,5296.209,0.004320502749,590.435786
,,0.113,5344.507,0.004438334643,595.8201784
,,0.116,5392.946,0.004556166536,601.2202899
,,0.116,5441.212,0.004556166536,606.6011148
,,0.116,5489.566,0.004556166536,611.9917503
,,0.119,5537.411,0.004673998429,617.325641
,,0.129,5584.574,0.005066771406,622.5835006
,,0.128,5631.387,0.005027494108,627.8023411
,,0.129,5678.104,0.005066771406,633.0104794
,,0.134,5725.721,0.005263157895,638.3189521
,,0.140,5770.924,0.005498821681,643.3583055
,,0.138,5816.019,0.005420267086,648.3856187
,,0.138,5862.991,0.005420267086,653.6221851
,,0.144,5908.256,0.005655930872,658.6684504
,,0.150,5952.620,0.005891594658,663.6142698
,,0.150,5997.757,0.005891594658,668.6462653
,,0.150,6041.416,0.005891594658,673.5134894
,,0.151,6084.780,0.005930871956,678.3478261
,,0.156,6127.555,0.006127258445,683.1164994
,,0.159,6170.302,0.006245090338,687.8820513
,,0.162,6212.926,0.006362922231,692.6338907
,,0.162,6254.592,0.006362922231,697.2789298
,,0.171,6297.125,0.00671641791,702.0206243
,,0.178,6338.566,0.006991358995,706.6405797
,,0.178,6379.876,0.006991358995,711.2459309
,,0.174,6420.383,0.006834249804,715.7617614
,,0.181,6459.638,0.007109190888,720.1380156
,,0.187,6498.853,0.007344854674,724.5098105
,,0.186,6538.304,0.007305577376,728.9079153
,,0.190,6578.345,0.007462686567,733.3717949
,,0.196,6615.917,0.007698350353,737.5604236
,,0.202,6653.224,0.00793401414,741.7195095
,,0.201,6690.306,0.007894736842,745.8535117
,,0.202,6726.485,0.00793401414,749.886845
,,0.211,6760.903,0.008287509819,753.7238573
,,0.211,6796.910,0.008287509819,757.7380156
,,0.212,6832.158,0.008326787117,761.6675585
,,0.220,6865.821,0.008641005499,765.4204013
,,0.226,6900.494,0.008876669285,769.2858417
,,0.229,6933.808,0.008994501178,772.999777
,,0.233,6965.910,0.009151610369,776.5785953
,,0.238,6997.515,0.009347996858,780.1020067
,,0.245,7028.001,0.009622937942,783.5006689
,,0.239,7059.217,0.009387274156,786.9807135
,,0.245,7088.629,0.009622937942,790.2596433
,,0.254,7119.609,0.009976433621,793.7133779
,,0.260,7149.018,0.01021209741,796.9919732
,,0.263,7177.473,0.0103299293,800.164214
,,0.269,7204.814,0.01056559309,803.2122631
,,0.272,7231.808,0.01068342498,806.2216276
,,0.272,7258.788,0.01068342498,809.2294314
,,0.281,7284.321,0.01103692066,812.0759197
,,0.288,7311.542,0.01131186174,815.1105909
,,0.284,7335.637,0.01115475255,817.796767
,,0.291,7361.431,0.01142969364,820.6723523
,,0.303,7385.943,0.01190102121,823.4050167
,,0.306,7410.125,0.0120188531,826.1008919
,,0.309,7432.172,0.012136685,828.5587514
,,0.314,7454.775,0.01233307148,831.0785953
,,0.324,7477.745,0.01272584446,833.6393534
,,0.327,7499.116,0.01284367636,836.0218506
,,0.330,7522.598,0.01296150825,838.6396878
,,0.339,7543.152,0.01331500393,840.9311037
,,0.344,7563.716,0.01351139042,843.2236343
,,0.345,7583.986,0.01355066771,845.4833891
,,0.356,7602.768,0.01398271799,847.5772575
,,0.364,7623.064,0.01429693637,849.8399108
,,0.364,7641.204,0.01429693637,851.8622074
,,0.370,7661.140,0.01453260016,854.0847269
,,0.379,7679.721,0.01488609584,856.1561873
,,0.386,7697.644,0.01516103692,858.1542921
,,0.391,7716.606,0.01535742341,860.2682274
,,0.400,7734.349,0.01571091909,862.2462653
,,0.401,7750.030,0.01575019639,863.9944259
,,0.404,7766.416,0.01586802828,865.8211817
,,0.413,7784.069,0.01622152396,867.7891862
,,0.419,7800.351,0.01645718775,869.6043478
,,0.422,7816.721,0.01657501964,871.42932
,,0.430,7831.983,0.01688923802,873.1307692
,,0.436,7847.664,0.01712490181,874.8789298
,,0.440,7862.446,0.017282011,876.5268673
,,0.449,7877.360,0.01763550668,878.1895206
,,0.461,7891.732,0.01810683425,879.7917503
,,0.461,7905.555,0.01810683425,881.3327759
,,0.464,7920.478,0.01822466614,882.9964326
,,0.473,7933.685,0.01857816182,884.4687848
,,0.477,7947.878,0.01873527101,886.0510591
,,0.485,7961.913,0.0190494894,887.6157191
,,0.495,7974.591,0.01944226237,889.029097
,,0.501,7987.515,0.01967792616,890.4698997
,,0.504,8000.410,0.01979575805,891.9074693
,,0.513,8012.871,0.02014925373,893.2966555
,,0.516,8024.372,0.02026708562,894.5788183
,,0.519,8038.306,0.02038491752,896.1322185
,,0.531,8049.460,0.02085624509,897.3756968
,,0.540,8060.879,0.02120974077,898.6487179
,,0.540,8072.763,0.02120974077,899.9735786
,,0.552,8083.886,0.02168106834,901.2136009
,,0.559,8094.968,0.02195600943,902.4490524
,,0.564,8105.302,0.02215239592,903.6011148
,,0.574,8116.408,0.02254516889,904.8392419
,,0.583,8126.984,0.02289866457,906.0182832
,,0.583,8137.297,0.02289866457,907.1680045
,,0.594,8148.649,0.02333071485,908.4335563
,,0.604,8157.463,0.02372348782,909.416165
,,0.605,8166.959,0.02376276512,910.4748049
,,0.617,8177.561,0.02423409269,911.6567447
,,0.622,8187.672,0.02443047918,912.7839465
,,0.626,8196.102,0.02458758837,913.7237458
,,0.635,8206.728,0.02494108405,914.9083612
,,0.644,8216.029,0.02529457973,915.945262
,,0.647,8225.029,0.02541241163,916.9486065
,,0.656,8233.712,0.02576590731,917.9166109
,,0.665,8242.314,0.02611940299,918.8755853
,,0.668,8251.282,0.02623723488,919.8753623
,,0.676,8258.696,0.02655145326,920.7018952
,,0.687,8268.218,0.02698350353,921.7634337
,,0.693,8276.616,0.02721916732,922.6996656
,,0.699,8284.486,0.02745483111,923.5770346
,,0.708,8292.299,0.02780832679,924.4480491
,,0.711,8299.470,0.02792615868,925.2474916
,,0.721,8307.614,0.02831893166,926.1554069
,,0.732,8314.767,0.02875098193,926.9528428
,,0.738,8323.068,0.02898664572,927.8782609
,,0.741,8330.203,0.02910447761,928.6736901
,,0.750,8336.940,0.02945797329,929.4247492
,,0.757,8344.630,0.02973291438,930.2820513
,,0.765,8351.692,0.03004713276,931.0693423
,,0.775,8357.798,0.03043990573,931.7500557
,,0.778,8365.173,0.03055773763,932.5722408
,,0.787,8372.222,0.03091123331,933.3580825
,,0.800,8378.349,0.03142183818,934.0411371
,,0.799,8385.413,0.03138256088,934.8286511
,,0.809,8392.852,0.03177533386,935.657971
,,0.818,8398.396,0.03212882954,936.2760312
,,0.821,8403.667,0.03224666143,936.8636566
,,0.830,8409.034,0.03260015711,937.4619844
,,0.841,8414.796,0.03303220738,938.1043478
,,0.845,8420.832,0.03318931658,938.7772575
,,0.854,8427.969,0.03354281225,939.5729097
,,0.863,8434.215,0.03389630793,940.2692308
,,0.869,8440.049,0.03413197172,940.919621
,,0.880,8445.510,0.034564022,941.5284281
,,0.887,8450.912,0.03483896308,942.1306577
,,0.893,8456.056,0.03507462687,942.7041249
,,0.903,8460.587,0.03546739984,943.2092531
,,0.912,8467.219,0.03582089552,943.9486065
,,0.921,8471.917,0.0361743912,944.4723523
,,0.929,8477.531,0.03648860958,945.0982163
,,0.936,8483.068,0.03676355067,945.7154961
,,0.939,8487.929,0.03688138256,946.2574136
,,0.949,8491.866,0.03727415554,946.6963211
,,0.961,8495.974,0.03774548311,947.1542921
,,0.964,8501.284,0.037863315,947.7462653
,,0.973,8504.955,0.03821681068,948.1555184
,,0.979,8511.380,0.03845247447,948.8717949
,,0.985,8515.706,0.03868813826,949.3540691
,,1.000,8520.610,0.03927729772,949.9007804
,,1.004,8524.728,0.03943440691,950.3598662
,,1.010,8528.686,0.0396700707,950.8011148
,,1.022,8533.891,0.04014139827,951.3813824
,,1.028,8536.006,0.04037706206,951.6171683
,,1.031,8540.745,0.04049489395,952.1454849
,,1.046,8545.402,0.04108405342,952.66466
,,1.049,8549.866,0.04120188531,953.1623188
,,1.058,8553.634,0.04155538099,953.5823857
,,1.071,8557.789,0.04206598586,954.0455964
,,1.070,8561.062,0.04202670856,954.4104794
,,1.089,8564.285,0.04277297722,954.7697882
,,1.095,8568.598,0.04300864101,955.2506132
,,1.098,8572.669,0.0431264729,955.7044593
,,1.107,8576.579,0.04347996858,956.1403567
,,1.123,8580.237,0.04410840534,956.5481605
,,1.125,8584.428,0.04418695994,957.0153846
,,1.134,8587.011,0.04454045562,957.3033445
,,1.140,8589.822,0.0447761194,957.6167224
,,1.147,8594.156,0.04505106049,958.0998885
,,1.162,8595.880,0.04564021995,958.2920847
,,1.165,8599.851,0.04575805185,958.7347826
,,1.174,8603.902,0.04611154753,959.1863991
,,1.183,8607.255,0.04646504321,959.5602007
,,1.193,8610.274,0.04685781618,959.896767
,,1.202,8612.712,0.04721131186,960.1685619
,,1.210,8616.508,0.04752553024,960.5917503
,,1.213,8618.786,0.04764336214,960.8457079
,,1.220,8621.979,0.04791830322,961.2016722
,,1.235,8625.510,0.04850746269,961.5953177
,,1.238,8629.322,0.04862529458,962.0202899
,,1.247,8631.557,0.04897879026,962.2694537
,,1.256,8634.422,0.04933228594,962.5888517
,,1.263,8636.774,0.04960722702,962.8510591
,,1.280,8639.086,0.05027494108,963.1088071
,,1.281,8641.958,0.05031421838,963.4289855
,,1.290,8643.956,0.05066771406,963.651728
,,1.295,8647.124,0.05086410055,964.0049052
,,1.305,8650.585,0.05125687353,964.3907469
,,1.311,8652.703,0.05149253731,964.6268673
,,1.326,8655.858,0.05208169678,964.9785953
,,1.332,8656.917,0.05231736057,965.0966555
,,1.342,8658.491,0.05271013354,965.2721293
,,1.350,8661.667,0.05302435192,965.6261984
,,1.360,8664.644,0.0534171249,965.9580825
,,1.369,8665.997,0.05377062058,966.1089186
,,1.375,8669.564,0.05400628437,966.5065775
,,1.378,8671.776,0.05412411626,966.7531773
,,1.390,8674.530,0.05459544383,967.0602007
,,1.400,8676.291,0.05498821681,967.2565217
,,1.406,8678.762,0.0552238806,967.5319955
,,1.418,8680.741,0.05569520817,967.7526198
,,1.427,8681.522,0.05604870385,967.8396878
,,1.433,8684.510,0.05628436764,968.1727982
,,1.445,8686.385,0.05675569521,968.3818283
,,1.454,8688.681,0.05710919089,968.6377926
,,1.466,8691.046,0.05758051846,968.9014493
,,1.473,8692.521,0.05785545954,969.0658863
,,1.479,8694.435,0.05809112333,969.2792642
,,1.488,8695.864,0.05844461901,969.438573
,,1.497,8698.334,0.05879811469,969.7139353
,,1.500,8699.497,0.05891594658,969.8435897
,,1.515,8701.402,0.05950510605,970.0559643
,,1.522,8703.978,0.05978004713,970.3431438
,,1.528,8705.649,0.06001571092,970.5294314
,,1.540,8706.475,0.06048703849,970.6215162
,,1.546,8707.926,0.06072270228,970.7832776
,,1.556,8710.046,0.06111547526,971.019621
,,1.564,8711.443,0.06142969364,971.1753623
,,1.571,8713.874,0.06170463472,971.4463768
,,1.577,8715.933,0.06194029851,971.6759197
,,1.595,8716.517,0.06264728987,971.7410256
,,1.598,8717.789,0.06276512176,971.8828317
,,1.610,8719.417,0.06323644933,972.0643255
,,1.616,8721.305,0.06347211312,972.2748049
,,1.625,8721.636,0.0638256088,972.3117057
,,1.638,8724.304,0.06433621367,972.6091416
,,1.644,8726.127,0.06457187745,972.8123746
,,1.647,8727.741,0.06468970935,972.9923077
,,1.662,8728.730,0.06527886881,973.1025641
,,1.668,8729.776,0.0655145326,973.219175
,,1.680,8731.284,0.06598586017,973.387291
,,1.696,8731.878,0.06661429694,973.4535117
,,1.695,8734.283,0.06657501964,973.7216276
,,1.705,8735.452,0.06696779262,973.8519509
,,1.714,8736.933,0.0673212883,974.0170569
,,1.717,8738.672,0.06743912019,974.2109253
,,1.729,8739.607,0.06791044776,974.3151616
,,1.735,8740.198,0.06814611155,974.3810479
,,1.741,8740.517,0.06838177533,974.4166109
,,1.757,8742.755,0.0690102121,974.6661093
,,1.760,8743.446,0.06912804399,974.7431438
,,1.772,8745.932,0.06959937156,975.0202899
,,1.784,8747.043,0.07007069914,975.1441472
,,1.784,8747.976,0.07007069914,975.2481605
,,1.794,8748.265,0.07046347211,975.280379
,,1.806,8748.927,0.07093479969,975.3541806
,,1.812,8751.288,0.07117046347,975.6173913
,,1.824,8750.373,0.07164179104,975.5153846
,,1.833,8751.217,0.07199528672,975.609476
,,1.839,8752.936,0.07223095051,975.8011148
,,1.851,8754.420,0.07270227808,975.9665552
,,1.861,8756.129,0.07309505106,976.1570792
,,1.864,8756.715,0.07321288295,976.222408
,,1.879,8757.126,0.07380204242,976.2682274
,,1.882,8757.099,0.07391987431,976.2652174
,,1.892,8758.451,0.07431264729,976.415942
,,1.909,8759.383,0.07498036135,976.5198439
,,1.912,8760.364,0.07509819324,976.6292085
,,1.921,8760.848,0.07545168892,976.6831661
,,1.933,8762.906,0.0759230165,976.9125975
,,1.940,8762.648,0.07619795758,976.883835
,,1.952,8762.077,0.07666928515,976.8201784
,,1.962,8764.246,0.07706205813,977.0619844
,,1.967,8764.356,0.07725844462,977.0742475
,,1.977,8765.130,0.0776512176,977.1605351
,,1.986,8765.898,0.07800471328,977.2461538
,,1.998,8767.130,0.07847604085,977.3835006
,,2.004,8767.676,0.07871170463,977.4443701
,,2.010,8767.458,0.07894736842,977.4200669
,,2.025,8769.093,0.07953652789,977.6023411
,,2.031,8769.246,0.07977219167,977.619398
,,2.041,8769.742,0.08016496465,977.6746934
,,2.049,8771.401,0.08047918303,977.8596433
,,2.059,8771.367,0.08087195601,977.8558528
,,2.071,8771.242,0.08134328358,977.8419175
,,2.077,8772.322,0.08157894737,977.9623188
,,2.083,8772.535,0.08181461115,977.9860647
,,2.099,8772.425,0.08244304792,977.9738016
,,2.107,8773.500,0.0827572663,978.0936455
,,2.111,8774.169,0.08291437549,978.1682274
,,2.126,8774.894,0.08350353496,978.2490524
,,2.129,8774.604,0.08362136685,978.2167224
,,2.139,8775.964,0.08401413983,978.3683389
,,2.153,8776.155,0.084564022,978.3896321
,,2.154,8775.880,0.08460329929,978.3589744
,,2.166,8777.069,0.08507462687,978.4915273
,,2.178,8777.381,0.08554595444,978.5263099
,,2.179,8777.473,0.08558523174,978.5365663
,,2.196,8777.665,0.0862529458,978.557971
,,2.200,8777.586,0.08641005499,978.5491639
,,2.209,8777.470,0.08676355067,978.5362319
,,2.226,8778.980,0.08743126473,978.7045708
,,2.230,8779.940,0.08758837392,978.8115942
,,2.236,8779.110,0.08782403771,978.7190635
,,2.245,8779.216,0.08817753339,978.7308807
,,2.257,8779.725,0.08864886096,978.7876254
,,2.272,8780.414,0.08923802042,978.864437
,,2.273,8780.520,0.08927729772,978.8762542
,,2.282,8781.447,0.0896307934,978.9795987
,,2.294,8781.669,0.09010212097,979.0043478
,,2.303,8780.958,0.09045561665,978.9250836
,,2.312,8782.356,0.09080911233,979.0809365
,,2.324,8781.623,0.09128043991,978.9992196
,,2.328,8782.357,0.0914375491,979.0810479
,,2.340,8782.465,0.09190887667,979.0930881
,,2.349,8782.794,0.09226237235,979.1297659
,,2.358,8783.380,0.09261586803,979.1950948
,,2.367,8783.151,0.09296936371,979.1695652
,,2.373,8783.030,0.09320502749,979.1560758
,,2.382,8782.359,0.09355852317,979.0812709
,,2.394,8782.922,0.09402985075,979.1440357
,,2.403,8783.678,0.09438334643,979.2283166
,,2.412,8784.000,0.09473684211,979.264214
,,2.422,8784.358,0.09512961508,979.3041249
,,2.425,8783.732,0.09524744698,979.2343367
,,2.439,8783.938,0.09579732914,979.2573021
,,2.449,8783.042,0.09619010212,979.1574136
,,2.458,8783.545,0.0965435978,979.2134894
,,2.467,8783.096,0.09689709348,979.1634337
,,2.473,8783.944,0.09713275727,979.257971
,,2.489,8784.130,0.09776119403,979.2787068
,,2.498,8783.956,0.09811468971,979.2593088
,,2.504,8783.466,0.0983503535,979.2046823
,,2.516,8783.223,0.09882168107,979.177592
,,2.522,8783.510,0.09905734485,979.2095875
,,2.534,8782.986,0.09952867243,979.1511706
,,2.546,8783.165,0.1,979.171126
,,2.549,8783.581,0.1001178319,979.2175028
,,2.561,8783.252,0.1005891595,979.180825
,,2.574,8783.403,0.1010997643,979.1976589
,,2.577,8783.315,0.1012175962,979.1878484
,,2.592,8782.678,0.1018067557,979.1168339
,,2.598,8782.249,0.1020424195,979.0690078
,,2.611,8782.853,0.1025530244,979.1363434
,,2.619,8781.910,0.1028672427,979.0312152
,,2.626,8781.940,0.1031421838,979.0345596
,,2.641,8781.963,0.1037313433,979.0371237
,,2.647,8781.766,0.1039670071,979.0151616
,,2.656,8781.422,0.1043205027,978.9768116
,,2.668,8780.271,0.1047918303,978.848495
,,2.674,8781.600,0.1050274941,978.9966555
,,2.687,8779.755,0.105538099,978.7909699
,,2.699,8779.803,0.1060094266,978.7963211
,,2.701,8780.606,0.1060879811,978.8858417
,,2.717,8780.334,0.1067164179,978.8555184
,,2.724,8780.535,0.106991359,978.8779264
,,2.732,8780.249,0.1073055774,978.8460424
,,2.744,8779.732,0.1077769049,978.7884058
,,2.747,8778.428,0.1078947368,978.6430323
,,2.762,8778.536,0.1084838963,978.6550725
,,2.771,8778.794,0.108837392,978.683835
,,2.781,8778.490,0.109230165,978.6499443
,,2.790,8778.073,0.1095836606,978.603456
,,2.796,8778.232,0.1098193244,978.6211817
,,2.811,8776.763,0.1104084839,978.4574136
,,2.820,8775.676,0.1107619796,978.3362319
,,2.825,8776.097,0.1109583661,978.3831661
,,2.836,8774.343,0.1113904163,978.1876254
,,2.851,8774.301,0.1119795758,978.1829431
,,2.855,8774.424,0.112136685,978.1966555
,,2.865,8774.243,0.112529458,978.1764771
,,2.875,8773.561,0.112922231,978.1004459
,,2.890,8772.467,0.1135113904,977.9784838
,,2.896,8772.197,0.1137470542,977.9483835
,,2.905,8771.593,0.1141005499,977.8810479
,,2.920,8771.724,0.1146897093,977.8956522
,,2.925,8770.994,0.1148860958,977.8142698
,,2.935,8770.767,0.1152788688,977.7889632
,,2.944,8769.423,0.1156323645,977.6391304
,,2.952,8769.084,0.1159465829,977.6013378
,,2.965,8768.141,0.1164571877,977.4962096
,,2.975,8768.030,0.1168499607,977.483835
,,2.981,8767.682,0.1170856245,977.445039
,,2.996,8765.969,0.117674784,977.2540691
,,3.004,8765.546,0.1179890024,977.2069119
,,3.016,8765.158,0.1184603299,977.1636566
,,3.024,8764.336,0.1187745483,977.0720178
,,3.029,8764.283,0.1189709348,977.0661093
,,3.045,8762.602,0.1195993716,976.8787068
,,3.051,8760.985,0.1198350353,976.6984392
,,3.064,8760.766,0.1203456402,976.6740245
,,3.072,8760.057,0.1206598586,976.5949833
,,3.082,8758.080,0.1210526316,976.3745819
,,3.094,8757.478,0.1215239592,976.3074693
,,3.102,8756.474,0.1218381775,976.1955407
,,3.112,8756.430,0.1222309505,976.1906355
,,3.125,8754.836,0.1227415554,976.012932
,,3.127,8753.578,0.12282011,975.8726867
,,3.146,8752.416,0.1235663786,975.7431438
,,3.149,8750.069,0.1236842105,975.4814939
,,3.161,8750.116,0.1241555381,975.4867336
,,3.172,8748.424,0.1245875884,975.2981048
,,3.176,8746.723,0.1247446976,975.1084727
,,3.194,8745.986,0.1254516889,975.0263099
,,3.201,8743.642,0.12572663,974.7649944
,,3.210,8742.327,0.1260801257,974.6183946
,,3.222,8740.395,0.1265514533,974.40301
,,3.228,8739.729,0.126787117,974.3287625
,,3.241,8736.350,0.1272977219,973.9520624
,,3.253,8734.838,0.1277690495,973.7835006
,,3.261,8733.605,0.1280832679,973.6460424
,,3.271,8731.258,0.1284760408,973.3843924
,,3.280,8728.540,0.1288295365,973.0813824
,,3.289,8726.529,0.1291830322,972.8571906
,,3.301,8724.280,0.1296543598,972.606466
,,3.308,8720.611,0.1299293009,972.1974359
,,3.319,8718.562,0.1303613511,971.9690078
,,3.329,8715.727,0.1307541241,971.6529543
,,3.338,8711.928,0.1311076198,971.2294314
,,3.352,8709.236,0.131657502,970.92932
,,3.355,8706.458,0.1317753339,970.619621
,,3.371,8702.381,0.1324037706,970.1651059
,,3.377,8699.094,0.1326394344,969.7986622
,,3.386,8695.442,0.1329929301,969.3915273
,,3.402,8690.614,0.1336213668,968.8532887
,,3.408,8686.831,0.1338570306,968.4315496
,,3.420,8681.621,0.1343283582,967.8507246
,,3.432,8678.690,0.1347996858,967.5239688
,,3.436,8674.013,0.134956795,967.0025641
,,3.448,8669.668,0.1354281225,966.5181717
,,3.457,8663.768,0.1357816182,965.8604236
,,3.467,8658.008,0.1361743912,965.2182832
,,3.481,8653.911,0.1367242734,964.7615385
,,3.494,8646.436,0.1372348782,963.9282051
,,3.502,8641.858,0.1375490966,963.4178372
,,3.512,8635.966,0.1379418696,962.760981
,,3.521,8629.922,0.1382953653,962.0871795
,,3.530,8623.775,0.138648861,961.4018952
,,3.539,8616.882,0.1390023566,960.6334448
,,3.554,8608.853,0.1395915161,959.7383501
,,3.561,8602.341,0.1398664572,959.0123746
,,3.570,8595.703,0.1402199529,958.2723523
,,3.585,8587.640,0.1408091123,957.3734671
,,3.590,8580.897,0.1410054988,956.6217391
,,3.603,8573.835,0.1415161037,955.8344482
,,3.613,8564.830,0.1419088767,954.8305463
,,3.631,8556.546,0.142615868,953.9070234
,,3.634,8548.094,0.1427336999,952.9647715
,,3.643,8539.006,0.1430871956,951.9516165
,,3.658,8529.550,0.1436763551,950.8974359
,,3.667,8520.832,0.1440298507,949.9255295
,,3.673,8510.756,0.1442655145,948.8022297
,,3.685,8501.471,0.1447368421,947.7671126
,,3.694,8492.111,0.1450903378,946.7236343
,,3.713,8482.472,0.1458366064,945.6490524
,,3.716,8471.248,0.1459544383,944.3977703
,,3.726,8461.023,0.1463472113,943.2578595
,,3.738,8450.261,0.1468185389,942.0580825
,,3.747,8437.189,0.1471720346,940.6007804
,,3.759,8426.960,0.1476433621,939.4604236
,,3.765,8415.658,0.1478790259,938.2004459
,,3.780,8403.898,0.1484681854,936.8894091
,,3.792,8390.689,0.148939513,935.4168339
,,3.801,8377.787,0.1492930086,933.9784838
,,3.817,8365.161,0.1499214454,932.570903
,,3.823,8351.102,0.1501571092,931.0035674
,,3.835,8339.224,0.1506284368,929.6793757
,,3.844,8324.652,0.1509819324,928.0548495
,,3.854,8310.538,0.1513747054,926.4813824
,,3.869,8296.884,0.1519638649,924.9591973
,,3.878,8281.147,0.1523173606,923.2047938
,,3.884,8266.268,0.1525530244,921.5460424
,,3.896,8249.524,0.1530243519,919.6793757
,,3.908,8233.703,0.1534956795,917.9156076
,,3.921,8217.377,0.1540062844,916.0955407
,,3.928,8201.146,0.1542812255,914.2860647
,,3.942,8184.364,0.1548311076,912.4151616
,,3.954,8165.996,0.1553024352,910.367447
,,3.966,8147.330,0.1557737628,908.2865106
,,3.976,8128.301,0.1561665357,906.1651059
,,3.988,8109.412,0.1566378633,904.0593088
,,4.000,8089.549,0.1571091909,901.8449275
,,4.006,8069.981,0.1573448547,899.6634337
,,4.022,8049.231,0.1579732914,897.3501672
,,4.030,8028.046,0.1582875098,894.9884058
,,4.040,8004.641,0.1586802828,892.3791527
,,4.052,7982.890,0.1591516104,889.9542921
,,4.064,7960.422,0.1596229379,887.4494983
,,4.076,7935.867,0.1600942655,884.7120401
,,4.085,7912.955,0.1604477612,882.157748
,,4.098,7887.947,0.1609583661,879.3697882
,,4.113,7862.492,0.1615475255,876.5319955
,,4.122,7835.972,0.1619010212,873.5754738
,,4.137,7808.374,0.1624901807,870.4987737
,,4.140,7780.020,0.1626080126,867.3377926
,,4.158,7750.533,0.1633150039,864.0505017
,,4.167,7720.238,0.1636684996,860.6731327
,,4.180,7688.833,0.1641791045,857.1720178
,,4.192,7659.406,0.1646504321,853.8914158
,,4.201,7625.103,0.1650039277,850.0672241
,,4.216,7590.524,0.1655930872,846.2122631
,,4.220,7555.144,0.1657501964,842.2680045
,,4.235,7518.433,0.1663393559,838.1753623
,,4.247,7479.535,0.1668106834,833.8389075
,,4.256,7439.592,0.1671641791,829.3859532
,,4.271,7397.634,0.1677533386,824.7083612
,,4.283,7354.018,0.1682246661,819.8459309
,,4.296,7309.353,0.168735271,814.8665552
,,4.308,7262.580,0.1692065986,809.6521739
,,4.323,7211.556,0.1697957581,803.9638796
,,4.329,7159.046,0.1700314218,798.109922
,,4.345,7104.432,0.1706598586,792.0214047
,,4.359,7046.074,0.1712097408,785.5154961
,,4.372,6983.672,0.1717203456,778.5587514
,,4.387,6917.775,0.1723095051,771.2123746
,,4.479,373.945,0.1759230165,41.6884058