X_um,Y_dev_um
2150.6276150627614,-86.36750348675035
2147.8382147838215,-86.36750348675035
2145.0488145048816,-83.57810320781033
2142.2594142259413,-83.57810320781033
2139.4700139470015,-83.57810320781033
2136.6806136680616,-80.7887029288703
2133.8912133891213,-80.7887029288703
2131.1018131101814,-80.7887029288703
2128.3124128312415,-77.99930264993027
2125.523012552301,-77.99930264993027
2122.7336122733614,-77.99930264993027
2122.7336122733614,-75.20990237099024
2119.9442119944215,-75.20990237099024
2117.154811715481,-75.20990237099024
2114.3654114365413,-75.20990237099024
2111.576011157601,-75.20990237099024
2108.786610878661,-75.20990237099024
2105.9972105997213,-75.20990237099024
2103.207810320781,-72.42050209205021
2100.418410041841,-72.42050209205021
2097.629009762901,-72.42050209205021
2094.839609483961,-72.42050209205021
2094.839609483961,-69.63110181311018
2092.050209205021,-69.63110181311018
2089.260808926081,-69.63110181311018
2089.260808926081,-66.84170153417016
2089.260808926081,-64.05230125523013
2086.471408647141,-64.05230125523013
2086.471408647141,-61.2629009762901
2083.682008368201,-61.2629009762901
2083.682008368201,-58.47350069735007
2080.892608089261,-58.47350069735007
2080.892608089261,-55.68410041841005
2078.103207810321,-52.89470013947002
2075.313807531381,-50.10529986052999
2075.313807531381,-47.31589958158996
2072.5244072524406,-47.31589958158996
2069.7350069735007,-47.31589958158996
2069.7350069735007,-44.52649930264993
2069.7350069735007,-41.7370990237099
2066.945606694561,-38.94769874476987
2066.945606694561,-36.158298465829844
2064.1562064156205,-36.158298465829844
2064.1562064156205,-33.36889818688982
2064.1562064156205,-30.57949790794979
2061.3668061366807,-30.57949790794979
2061.3668061366807,-27.790097629009765
2058.577405857741,-27.790097629009765
2058.577405857741,-25.000697350069736
2055.7880055788005,-25.000697350069736
2055.7880055788005,-22.211297071129707
2055.7880055788005,-19.421896792189678
2052.9986052998606,-19.421896792189678
2052.9986052998606,-16.632496513249652
2050.2092050209208,-16.632496513249652
2050.2092050209208,-13.843096234309623
2047.4198047419807,-13.843096234309623
2044.6304044630406,-13.843096234309623
2044.6304044630406,-11.053695955369596
2041.8410041841005,-11.053695955369596
2041.8410041841005,-8.264295676429569
2039.0516039051604,-8.264295676429569
2039.0516039051604,-5.47489539748954
2036.2622036262205,-5.47489539748954
2033.4728033472804,-5.47489539748954
2033.4728033472804,-2.685495118549512
2030.6834030683403,-2.685495118549512
2030.6834030683403,0.10390516039051603
2027.8940027894005,2.893305439330544
2027.8940027894005,5.682705718270571
2025.1046025104604,5.682705718270571
2022.3152022315203,8.4721059972106
2022.3152022315203,11.261506276150628
2019.5258019525802,11.261506276150628
2019.5258019525802,14.050906555090657
2016.7364016736403,14.050906555090657
2016.7364016736403,16.840306834030685
2016.7364016736403,19.629707112970713
2013.9470013947002,19.629707112970713
2011.1576011157601,19.629707112970713
2011.1576011157601,22.419107391910742
2008.3682008368203,22.419107391910742
2008.3682008368203,25.208507670850768
2005.5788005578802,25.208507670850768
2005.5788005578802,27.997907949790797
2002.78940027894,27.997907949790797
2000.0,30.787308228730826
1997.2105997210601,30.787308228730826
1994.42119944212,30.787308228730826
1994.42119944212,33.57670850767085
1991.63179916318,33.57670850767085
1988.84239888424,33.57670850767085
1986.0529986053,33.57670850767085
1986.0529986053,36.36610878661088
1983.26359832636,36.36610878661088
1983.26359832636,39.15550906555091
1980.4741980474198,39.15550906555091
1977.68479776848,39.15550906555091
1974.8953974895398,39.15550906555091
1974.8953974895398,41.94490934449094
1972.1059972105998,41.94490934449094
1969.3165969316597,41.94490934449094
1966.5271966527198,44.73430962343097
1963.7377963737797,44.73430962343097
1960.9483960948396,44.73430962343097
1958.1589958158997,44.73430962343097
1955.3695955369597,44.73430962343097
1952.5801952580196,44.73430962343097
1949.7907949790795,44.73430962343097
1947.0013947001396,44.73430962343097
1944.2119944211995,44.73430962343097
1941.4225941422594,44.73430962343097
1938.6331938633195,44.73430962343097
1935.8437935843795,44.73430962343097
1933.0543933054394,41.94490934449094
1930.2649930264993,41.94490934449094
1924.6861924686193,41.94490934449094
1921.8967921896792,41.94490934449094
1919.1073919107394,39.15550906555091
1916.3179916317993,39.15550906555091
1913.5285913528592,39.15550906555091
1910.739191073919,36.36610878661088
1907.9497907949792,36.36610878661088
1905.1603905160391,33.57670850767085
1902.370990237099,33.57670850767085
1899.5815899581592,33.57670850767085
1896.792189679219,30.787308228730826
1894.002789400279,30.787308228730826
1894.002789400279,27.997907949790797
1891.2133891213389,27.997907949790797
1888.423988842399,27.997907949790797
1885.634588563459,27.997907949790797
1885.634588563459,25.208507670850768
1882.8451882845188,22.419107391910742
1880.055788005579,22.419107391910742
1877.2663877266389,19.629707112970713
1874.4769874476988,19.629707112970713
1871.6875871687587,19.629707112970713
1871.6875871687587,16.840306834030685
1868.8981868898188,16.840306834030685
1866.1087866108787,16.840306834030685
1863.3193863319386,16.840306834030685
1860.5299860529988,14.050906555090657
1857.7405857740587,14.050906555090657
1854.9511854951186,14.050906555090657
1854.9511854951186,11.261506276150628
1852.1617852161785,11.261506276150628
1849.3723849372386,11.261506276150628
1846.5829846582985,11.261506276150628
1841.0041841004186,11.261506276150628
1838.2147838214785,11.261506276150628
1832.6359832635983,11.261506276150628
1829.8465829846584,11.261506276150628
1827.0571827057183,11.261506276150628
1824.2677824267782,11.261506276150628
1821.4783821478384,11.261506276150628
1818.6889818688983,8.4721059972106
1815.8995815899582,8.4721059972106
1813.110181311018,8.4721059972106
1810.3207810320782,8.4721059972106
1807.5313807531381,8.4721059972106
1804.741980474198,8.4721059972106
1801.9525801952582,8.4721059972106
1799.163179916318,8.4721059972106
1796.373779637378,8.4721059972106
1793.584379358438,8.4721059972106
1790.794979079498,8.4721059972106
1790.794979079498,5.682705718270571
1788.005578800558,5.682705718270571
1785.2161785216178,5.682705718270571
1782.426778242678,5.682705718270571
1782.426778242678,2.893305439330544
1779.637377963738,0.10390516039051603
1776.8479776847978,0.10390516039051603
1776.8479776847978,-2.685495118549512
1774.0585774058577,-2.685495118549512
1774.0585774058577,-5.47489539748954
1771.2691771269178,-8.264295676429569
1768.4797768479777,-8.264295676429569
1765.6903765690377,-8.264295676429569
1762.9009762900978,-11.053695955369596
1760.1115760111577,-11.053695955369596
1757.3221757322176,-11.053695955369596
1754.5327754532775,-11.053695955369596
1751.7433751743376,-11.053695955369596
1748.9539748953976,-11.053695955369596
1746.1645746164575,-11.053695955369596
1743.3751743375176,-11.053695955369596
1740.5857740585775,-11.053695955369596
1737.7963737796374,-11.053695955369596
1735.0069735006973,-11.053695955369596
1732.2175732217574,-11.053695955369596
1729.4281729428174,-11.053695955369596
1726.6387726638773,-11.053695955369596
1723.8493723849374,-11.053695955369596
1721.0599721059973,-11.053695955369596
1721.0599721059973,-8.264295676429569
1718.2705718270572,-8.264295676429569
1718.2705718270572,-5.47489539748954
1715.4811715481171,-5.47489539748954
1715.4811715481171,-2.685495118549512
1712.6917712691773,0.10390516039051603
1709.9023709902372,2.893305439330544
1709.9023709902372,5.682705718270571
1709.9023709902372,8.4721059972106
1707.112970711297,8.4721059972106
1707.112970711297,11.261506276150628
1707.112970711297,14.050906555090657
1707.112970711297,16.840306834030685
1704.3235704323572,16.840306834030685
1704.3235704323572,19.629707112970713
1704.3235704323572,22.419107391910742
1704.3235704323572,25.208507670850768
1704.3235704323572,27.997907949790797
1701.534170153417,27.997907949790797
1701.534170153417,30.787308228730826
1698.744769874477,30.787308228730826
1698.744769874477,33.57670850767085
1695.955369595537,33.57670850767085
1695.955369595537,36.36610878661088
1693.165969316597,36.36610878661088
1693.165969316597,39.15550906555091
1693.165969316597,41.94490934449094
1690.376569037657,41.94490934449094
1690.376569037657,44.73430962343097
1687.5871687587169,44.73430962343097
1687.5871687587169,47.523709902370996
1684.797768479777,47.523709902370996
1684.797768479777,50.31311018131102
1682.008368200837,50.31311018131102
1679.2189679218968,50.31311018131102
1676.4295676429567,50.31311018131102
1673.6401673640169,50.31311018131102
1670.8507670850768,50.31311018131102
1668.0613668061367,50.31311018131102
1665.2719665271968,50.31311018131102
1662.4825662482567,50.31311018131102
1659.6931659693166,50.31311018131102
1656.9037656903765,50.31311018131102
1654.1143654114367,50.31311018131102
1651.3249651324966,50.31311018131102
1648.5355648535565,50.31311018131102
1645.7461645746166,50.31311018131102
1642.9567642956765,50.31311018131102
1640.1673640167364,50.31311018131102
1637.3779637377963,50.31311018131102
1637.3779637377963,47.523709902370996
1634.5885634588565,47.523709902370996
1631.7991631799164,47.523709902370996
1629.0097629009763,47.523709902370996
1626.2203626220364,47.523709902370996
1623.4309623430963,47.523709902370996
1620.6415620641562,47.523709902370996
1617.8521617852161,44.73430962343097
1615.0627615062763,44.73430962343097
1612.2733612273362,44.73430962343097
1609.483960948396,44.73430962343097
1606.6945606694562,44.73430962343097
1603.9051603905161,41.94490934449094
1601.115760111576,41.94490934449094
1598.326359832636,41.94490934449094
1595.536959553696,41.94490934449094
1595.536959553696,39.15550906555091
1592.747559274756,39.15550906555091
1589.958158995816,39.15550906555091
1587.168758716876,39.15550906555091
1584.379358437936,36.36610878661088
1581.5899581589958,36.36610878661088
1581.5899581589958,33.57670850767085
1578.8005578800557,33.57670850767085
1576.0111576011159,33.57670850767085
1573.2217573221758,33.57670850767085
1570.4323570432357,33.57670850767085
1567.6429567642958,33.57670850767085
1567.6429567642958,30.787308228730826
1562.0641562064156,30.787308228730826
1559.2747559274756,30.787308228730826
1556.4853556485357,30.787308228730826
1553.6959553695956,30.787308228730826
1553.6959553695956,27.997907949790797
1550.9065550906555,27.997907949790797
1548.1171548117156,27.997907949790797
1545.3277545327755,27.997907949790797
1542.5383542538355,27.997907949790797
1542.5383542538355,25.208507670850768
1539.7489539748954,25.208507670850768
1536.9595536959555,25.208507670850768
1534.1701534170154,22.419107391910742
1531.3807531380753,22.419107391910742
1528.5913528591354,22.419107391910742
1525.8019525801953,22.419107391910742
1523.0125523012553,19.629707112970713
1520.2231520223152,19.629707112970713
1517.4337517433753,19.629707112970713
1514.6443514644352,19.629707112970713
1514.6443514644352,16.840306834030685
1511.854951185495,16.840306834030685
1509.0655509065552,16.840306834030685
1506.2761506276152,16.840306834030685
1503.486750348675,14.050906555090657
1500.697350069735,11.261506276150628
1497.907949790795,11.261506276150628
1495.118549511855,11.261506276150628
1492.329149232915,11.261506276150628
1492.329149232915,8.4721059972106
1489.539748953975,8.4721059972106
1486.750348675035,8.4721059972106
1486.750348675035,5.682705718270571
1483.9609483960949,5.682705718270571
1481.1715481171548,5.682705718270571
1478.382147838215,2.893305439330544
1475.5927475592748,0.10390516039051603
1472.8033472803347,0.10390516039051603
1470.0139470013949,0.10390516039051603
1470.0139470013949,-2.685495118549512
1467.2245467224548,-2.685495118549512
1464.4351464435147,-2.685495118549512
1461.6457461645746,-2.685495118549512
1461.6457461645746,-5.47489539748954
1458.8563458856347,-5.47489539748954
1456.0669456066946,-5.47489539748954
1453.2775453277545,-5.47489539748954
1453.2775453277545,-8.264295676429569
1450.4881450488147,-11.053695955369596
1447.6987447698746,-11.053695955369596
1444.9093444909345,-11.053695955369596
1442.1199442119944,-11.053695955369596
1442.1199442119944,-13.843096234309623
1439.3305439330545,-13.843096234309623
1436.5411436541144,-13.843096234309623
1436.5411436541144,-16.632496513249652
1433.7517433751743,-16.632496513249652
1430.9623430962345,-16.632496513249652
1428.1729428172944,-19.421896792189678
1425.3835425383543,-19.421896792189678
1422.5941422594142,-19.421896792189678
1422.5941422594142,-22.211297071129707
1419.8047419804743,-22.211297071129707
1417.0153417015342,-22.211297071129707
1417.0153417015342,-25.000697350069736
1414.2259414225941,-25.000697350069736
1411.4365411436543,-25.000697350069736
1408.6471408647142,-25.000697350069736
1405.857740585774,-25.000697350069736
1403.068340306834,-25.000697350069736
1400.2789400278941,-25.000697350069736
1397.489539748954,-25.000697350069736
1394.700139470014,-25.000697350069736
1391.910739191074,-25.000697350069736
1389.121338912134,-25.000697350069736
1386.3319386331939,-25.000697350069736
1383.5425383542538,-25.000697350069736
1380.753138075314,-25.000697350069736
1380.753138075314,-22.211297071129707
1377.9637377963738,-22.211297071129707
1375.1743375174337,-19.421896792189678
1372.3849372384939,-16.632496513249652
1369.5955369595538,-13.843096234309623
1369.5955369595538,-11.053695955369596
1366.8061366806137,-11.053695955369596
1366.8061366806137,-8.264295676429569
1364.0167364016736,-8.264295676429569
1364.0167364016736,-5.47489539748954
1361.2273361227337,-5.47489539748954
1358.4379358437936,-5.47489539748954
1355.6485355648535,-5.47489539748954
1352.8591352859137,-5.47489539748954
1350.0697350069736,-5.47489539748954
1347.2803347280335,-5.47489539748954
1344.4909344490934,-8.264295676429569
1341.7015341701535,-8.264295676429569
1341.7015341701535,-11.053695955369596
1336.1227336122734,-11.053695955369596
1333.3333333333335,-13.843096234309623
1330.5439330543934,-13.843096234309623
1327.7545327754533,-13.843096234309623
1327.7545327754533,-16.632496513249652
1324.9651324965132,-16.632496513249652
1322.1757322175733,-16.632496513249652
1319.3863319386332,-19.421896792189678
1316.5969316596932,-19.421896792189678
1313.8075313807533,-19.421896792189678
1313.8075313807533,-22.211297071129707
1311.0181311018132,-25.000697350069736
1308.228730822873,-25.000697350069736
1305.439330543933,-25.000697350069736
1305.439330543933,-27.790097629009765
1302.6499302649931,-27.790097629009765
1299.860529986053,-30.57949790794979
1297.071129707113,-30.57949790794979
1294.281729428173,-30.57949790794979
1291.492329149233,-30.57949790794979
1288.702928870293,-30.57949790794979
1285.9135285913528,-30.57949790794979
1283.124128312413,-30.57949790794979
1280.3347280334729,-30.57949790794979
1280.3347280334729,-27.790097629009765
1280.3347280334729,-25.000697350069736
1277.5453277545328,-25.000697350069736
1277.5453277545328,-22.211297071129707
1277.5453277545328,-19.421896792189678
1277.5453277545328,-16.632496513249652
1277.5453277545328,-13.843096234309623
1274.755927475593,-13.843096234309623
1274.755927475593,-11.053695955369596
1274.755927475593,-8.264295676429569
1274.755927475593,-5.47489539748954
1271.9665271966528,-5.47489539748954
1271.9665271966528,-2.685495118549512
1269.1771269177127,-2.685495118549512
1266.3877266387726,-2.685495118549512
1263.5983263598328,-2.685495118549512
1258.0195258019526,-5.47489539748954
1255.2301255230127,-5.47489539748954
1252.4407252440726,-5.47489539748954
1249.6513249651325,-8.264295676429569
1246.8619246861924,-8.264295676429569
1246.8619246861924,-11.053695955369596
1244.0725244072526,-11.053695955369596
1241.2831241283125,-11.053695955369596
1238.4937238493724,-11.053695955369596
1238.4937238493724,-13.843096234309623
1235.7043235704325,-13.843096234309623
1232.9149232914924,-13.843096234309623
1232.9149232914924,-11.053695955369596
1230.1255230125523,-11.053695955369596
1227.3361227336122,-11.053695955369596
1224.5467224546724,-5.47489539748954
1221.7573221757323,-5.47489539748954
1221.7573221757323,-2.685495118549512
1218.9679218967922,-2.685495118549512
1216.1785216178523,0.10390516039051603
1213.3891213389122,0.10390516039051603
1210.5997210599721,2.893305439330544
1207.810320781032,5.682705718270571
1205.0209205020922,5.682705718270571
1202.231520223152,8.4721059972106
1199.442119944212,8.4721059972106
1196.6527196652721,8.4721059972106
1193.863319386332,8.4721059972106
1193.863319386332,11.261506276150628
1191.073919107392,11.261506276150628
1188.2845188284518,11.261506276150628
1185.495118549512,11.261506276150628
1182.7057182705719,11.261506276150628
1182.7057182705719,14.050906555090657
1179.9163179916318,14.050906555090657
1177.126917712692,14.050906555090657
1174.3375174337518,14.050906555090657
1171.5481171548117,16.840306834030685
1168.7587168758716,16.840306834030685
1165.9693165969318,16.840306834030685
1163.1799163179917,16.840306834030685
1157.6011157601117,16.840306834030685
1154.8117154811716,16.840306834030685
1152.0223152022315,19.629707112970713
1149.2329149232914,19.629707112970713
1146.4435146443516,19.629707112970713
1143.6541143654115,19.629707112970713
1140.8647140864714,19.629707112970713
1138.0753138075315,19.629707112970713
1135.2859135285914,19.629707112970713
1135.2859135285914,22.419107391910742
1132.4965132496513,22.419107391910742
1129.7071129707113,22.419107391910742
1126.9177126917714,22.419107391910742
1124.1283124128313,25.208507670850768
1124.1283124128313,27.997907949790797
1121.3389121338912,27.997907949790797
1121.3389121338912,30.787308228730826
1121.3389121338912,33.57670850767085
1121.3389121338912,36.36610878661088
1118.5495118549513,36.36610878661088
1118.5495118549513,39.15550906555091
1115.7601115760112,41.94490934449094
1115.7601115760112,44.73430962343097
1112.9707112970711,44.73430962343097
1112.9707112970711,47.523709902370996
1110.181311018131,47.523709902370996
1110.181311018131,50.31311018131102
1107.3919107391912,50.31311018131102
1104.602510460251,53.10251046025105
1101.813110181311,53.10251046025105
1099.0237099023711,53.10251046025105
1096.234309623431,53.10251046025105
1096.234309623431,55.891910739191076
1093.444909344491,55.891910739191076
1090.6555090655509,55.891910739191076
1087.866108786611,58.681311018131105
1085.076708507671,58.681311018131105
1085.076708507671,61.470711297071134
1082.2873082287308,61.470711297071134
1079.497907949791,61.470711297071134
1076.7085076708508,61.470711297071134
1076.7085076708508,64.26011157601116
1073.9191073919108,64.26011157601116
1071.1297071129707,64.26011157601116
1068.3403068340308,64.26011157601116
1068.3403068340308,67.04951185495119
1065.5509065550907,67.04951185495119
1062.7615062761506,67.04951185495119
1059.9721059972107,67.04951185495119
1057.1827057182707,67.04951185495119
1054.3933054393306,67.04951185495119
1054.3933054393306,64.26011157601116
1051.6039051603905,64.26011157601116
1046.0251046025105,64.26011157601116
1043.2357043235704,64.26011157601116
1040.4463040446306,61.470711297071134
1037.6569037656905,61.470711297071134
1034.8675034867504,61.470711297071134
1032.0781032078103,58.681311018131105
1029.2887029288704,58.681311018131105
1029.2887029288704,55.891910739191076
1026.4993026499303,55.891910739191076
1023.7099023709903,55.891910739191076
1020.9205020920502,53.10251046025105
1018.1311018131103,53.10251046025105
1015.3417015341702,55.891910739191076
1009.7629009762901,55.891910739191076
1006.9735006973501,55.891910739191076
1004.1841004184101,58.681311018131105
1001.39470013947,58.681311018131105
998.6052998605301,61.470711297071134
995.81589958159,61.470711297071134
993.02649930265,61.470711297071134
987.4476987447699,61.470711297071134
984.6582984658298,61.470711297071134
981.8688981868899,61.470711297071134
976.2900976290098,64.26011157601116
970.7112970711297,64.26011157601116
967.9218967921897,64.26011157601116
965.1324965132496,67.04951185495119
962.3430962343097,67.04951185495119
956.7642956764296,67.04951185495119
953.9748953974896,69.83891213389121
948.3960948396095,69.83891213389121
945.6066945606694,69.83891213389121
942.8172942817295,72.62831241283125
940.0278940027895,72.62831241283125
937.2384937238494,72.62831241283125
934.4490934449094,72.62831241283125
931.6596931659693,72.62831241283125
928.8702928870293,72.62831241283125
926.0808926080892,72.62831241283125
923.2914923291493,72.62831241283125
920.5020920502093,72.62831241283125
917.7126917712692,72.62831241283125
914.9232914923292,72.62831241283125
912.1338912133891,72.62831241283125
909.3444909344491,72.62831241283125
906.555090655509,72.62831241283125
903.7656903765691,72.62831241283125
900.9762900976291,72.62831241283125
898.186889818689,72.62831241283125
895.397489539749,72.62831241283125
892.6080892608089,72.62831241283125
889.818688981869,72.62831241283125
887.0292887029289,72.62831241283125
884.2398884239889,72.62831241283125
881.4504881450489,72.62831241283125
878.6610878661088,72.62831241283125
875.8716875871688,72.62831241283125
873.0822873082287,72.62831241283125
870.2928870292887,72.62831241283125
867.5034867503487,72.62831241283125
864.7140864714087,72.62831241283125
861.9246861924687,72.62831241283125
859.1352859135286,72.62831241283125
856.3458856345886,72.62831241283125
853.5564853556485,72.62831241283125
847.9776847977685,72.62831241283125
842.3988842398885,72.62831241283125
834.0306834030683,72.62831241283125
828.4518828451883,72.62831241283125
820.0836820083682,72.62831241283125
814.5048814504881,72.62831241283125
808.9260808926081,72.62831241283125
800.557880055788,72.62831241283125
797.768479776848,72.62831241283125
792.189679218968,72.62831241283125
789.4002789400279,72.62831241283125
786.6108786610879,72.62831241283125
783.8214783821479,72.62831241283125
781.0320781032078,72.62831241283125
778.2426778242678,72.62831241283125
775.4532775453278,72.62831241283125
772.6638772663878,72.62831241283125
769.8744769874477,72.62831241283125
767.0850767085077,72.62831241283125
764.2956764295677,72.62831241283125
761.5062761506276,72.62831241283125
758.7168758716876,72.62831241283125
755.9274755927476,72.62831241283125
753.1380753138076,72.62831241283125
750.3486750348675,72.62831241283125
747.5592747559275,72.62831241283125
744.7698744769875,72.62831241283125
741.9804741980474,72.62831241283125
741.9804741980474,67.04951185495119
739.1910739191075,67.04951185495119
739.1910739191075,64.26011157601116
736.4016736401674,64.26011157601116
736.4016736401674,61.470711297071134
733.6122733612274,61.470711297071134
733.6122733612274,58.681311018131105
730.8228730822873,58.681311018131105
730.8228730822873,55.891910739191076
730.8228730822873,53.10251046025105
728.0334728033473,53.10251046025105
728.0334728033473,50.31311018131102
725.2440725244073,50.31311018131102
722.4546722454672,50.31311018131102
722.4546722454672,47.523709902370996
719.6652719665273,44.73430962343097
716.8758716875872,44.73430962343097
716.8758716875872,41.94490934449094
714.0864714086472,41.94490934449094
714.0864714086472,39.15550906555091
708.5076708507671,39.15550906555091
708.5076708507671,36.36610878661088
705.7182705718271,36.36610878661088
705.7182705718271,33.57670850767085
702.928870292887,33.57670850767085
702.928870292887,30.787308228730826
700.1394700139471,30.787308228730826
697.350069735007,30.787308228730826
697.350069735007,27.997907949790797
694.560669456067,27.997907949790797
691.7712691771269,25.208507670850768
688.9818688981869,25.208507670850768
686.1924686192469,25.208507670850768
686.1924686192469,22.419107391910742
683.4030683403068,22.419107391910742
683.4030683403068,19.629707112970713
680.6136680613669,19.629707112970713
677.8242677824268,16.840306834030685
675.0348675034868,16.840306834030685
672.2454672245467,16.840306834030685
672.2454672245467,14.050906555090657
669.4560669456067,14.050906555090657
666.6666666666667,14.050906555090657
663.8772663877266,14.050906555090657
661.0878661087867,14.050906555090657
658.2984658298466,14.050906555090657
658.2984658298466,11.261506276150628
655.5090655509066,11.261506276150628
652.7196652719665,8.4721059972106
649.9302649930265,8.4721059972106
649.9302649930265,5.682705718270571
647.1408647140865,5.682705718270571
644.3514644351465,5.682705718270571
641.5620641562065,2.893305439330544
638.7726638772664,2.893305439330544
638.7726638772664,0.10390516039051603
638.7726638772664,-2.685495118549512
635.9832635983264,-2.685495118549512
633.1938633193863,-5.47489539748954
630.4044630404463,-5.47489539748954
630.4044630404463,-8.264295676429569
627.6150627615064,-8.264295676429569
627.6150627615064,-11.053695955369596
624.8256624825663,-11.053695955369596
624.8256624825663,-13.843096234309623
622.0362622036263,-13.843096234309623
622.0362622036263,-16.632496513249652
619.2468619246862,-16.632496513249652
619.2468619246862,-19.421896792189678
616.4574616457462,-19.421896792189678
616.4574616457462,-22.211297071129707
613.6680613668061,-25.000697350069736
610.8786610878661,-25.000697350069736
610.8786610878661,-27.790097629009765
608.0892608089262,-27.790097629009765
605.2998605299861,-30.57949790794979
602.5104602510461,-33.36889818688982
602.5104602510461,-36.158298465829844
599.721059972106,-36.158298465829844
596.931659693166,-38.94769874476987
594.1422594142259,-38.94769874476987
591.3528591352859,-41.7370990237099
588.563458856346,-41.7370990237099
588.563458856346,-44.52649930264993
585.7740585774059,-44.52649930264993
582.9846582984659,-47.31589958158996
580.1952580195258,-47.31589958158996
577.4058577405858,-47.31589958158996
574.6164574616457,-50.10529986052999
571.8270571827057,-50.10529986052999
569.0376569037658,-50.10529986052999
566.2482566248257,-50.10529986052999
563.4588563458857,-50.10529986052999
560.6694560669456,-50.10529986052999
557.8800557880056,-52.89470013947002
555.0906555090655,-52.89470013947002
552.3012552301255,-52.89470013947002
549.5118549511856,-52.89470013947002
546.7224546722455,-52.89470013947002
543.9330543933055,-52.89470013947002
541.1436541143654,-52.89470013947002
538.3542538354254,-52.89470013947002
535.5648535564853,-52.89470013947002
532.7754532775454,-52.89470013947002
529.9860529986054,-52.89470013947002
527.1966527196653,-52.89470013947002
524.4072524407253,-52.89470013947002
521.6178521617852,-52.89470013947002
518.8284518828452,-52.89470013947002
516.0390516039051,-52.89470013947002
513.2496513249652,-55.68410041841005
510.4602510460251,-55.68410041841005
507.6708507670851,-55.68410041841005
504.88145048814505,-55.68410041841005
502.09205020920507,-55.68410041841005
499.30264993026503,-55.68410041841005
496.513249651325,-55.68410041841005
490.9344490934449,-55.68410041841005
488.1450488145049,-55.68410041841005
485.35564853556485,-55.68410041841005
482.5662482566248,-58.47350069735007
479.77684797768484,-58.47350069735007
476.9874476987448,-58.47350069735007
474.19804741980477,-58.47350069735007
471.40864714086473,-58.47350069735007
468.6192468619247,-61.2629009762901
465.82984658298466,-61.2629009762901
463.0404463040446,-61.2629009762901
460.25104602510464,-61.2629009762901
457.4616457461646,-61.2629009762901
454.67224546722457,-61.2629009762901
451.88284518828453,-61.2629009762901
449.0934449093445,-61.2629009762901
446.30404463040446,-64.05230125523013
443.5146443514644,-64.05230125523013
440.72524407252445,-64.05230125523013
437.9358437935844,-64.05230125523013
435.1464435146444,-64.05230125523013
432.35704323570434,-64.05230125523013
429.5676429567643,-66.84170153417016
426.77824267782427,-66.84170153417016
423.98884239888423,-66.84170153417016
421.19944211994425,-66.84170153417016
418.4100418410042,-66.84170153417016
415.6206415620642,-66.84170153417016
412.83124128312414,-66.84170153417016
410.0418410041841,-66.84170153417016
407.25244072524407,-69.63110181311018
404.46304044630403,-69.63110181311018
401.67364016736406,-69.63110181311018
398.884239888424,-69.63110181311018
396.094839609484,-69.63110181311018
393.30543933054395,-69.63110181311018
390.5160390516039,-69.63110181311018
387.7266387726639,-69.63110181311018
382.14783821478386,-72.42050209205021
376.5690376569038,-72.42050209205021
373.77963737796375,-72.42050209205021
370.9902370990237,-72.42050209205021
368.2008368200837,-72.42050209205021
365.41143654114364,-72.42050209205021
362.62203626220366,-72.42050209205021
359.83263598326363,-72.42050209205021
357.0432357043236,-72.42050209205021
354.25383542538356,-72.42050209205021
351.4644351464435,-72.42050209205021
348.6750348675035,-72.42050209205021
345.88563458856345,-72.42050209205021
343.09623430962347,-72.42050209205021
340.30683403068343,-72.42050209205021
337.5174337517434,-72.42050209205021
334.72803347280336,-72.42050209205021
331.9386331938633,-72.42050209205021
329.1492329149233,-72.42050209205021
326.35983263598325,-72.42050209205021
323.5704323570433,-72.42050209205021
320.78103207810324,-72.42050209205021
317.9916317991632,-72.42050209205021
315.20223152022317,-72.42050209205021
312.41283124128313,-72.42050209205021
309.6234309623431,-72.42050209205021
306.83403068340306,-72.42050209205021
304.0446304044631,-72.42050209205021
301.25523012552304,-72.42050209205021
298.465829846583,-72.42050209205021
295.67642956764297,-72.42050209205021
292.88702928870293,-69.63110181311018
290.0976290097629,-69.63110181311018
287.30822873082286,-69.63110181311018
284.5188284518829,-69.63110181311018
281.72942817294285,-69.63110181311018
278.9400278940028,-69.63110181311018
276.1506276150628,-66.84170153417016
273.36122733612274,-66.84170153417016
270.5718270571827,-66.84170153417016
267.78242677824267,-66.84170153417016
264.9930264993027,-66.84170153417016
262.20362622036265,-66.84170153417016
259.4142259414226,-66.84170153417016
256.6248256624826,-66.84170153417016
253.83542538354254,-66.84170153417016
251.04602510460253,-66.84170153417016
248.2566248256625,-64.05230125523013
245.46722454672246,-64.05230125523013
242.67782426778243,-64.05230125523013
239.88842398884242,-64.05230125523013
237.09902370990238,-64.05230125523013
234.30962343096235,-64.05230125523013
231.5202231520223,-64.05230125523013
228.7308228730823,-64.05230125523013
225.94142259414227,-64.05230125523013
223.15202231520223,-64.05230125523013
220.36262203626222,-64.05230125523013
217.5732217573222,-64.05230125523013
214.78382147838215,-64.05230125523013
211.99442119944212,-61.2629009762901
209.2050209205021,-61.2629009762901
206.41562064156207,-61.2629009762901
203.62622036262204,-61.2629009762901
200.83682008368203,-61.2629009762901
198.047419804742,-61.2629009762901
195.25801952580196,-61.2629009762901
192.46861924686192,-58.47350069735007
189.6792189679219,-58.47350069735007
186.88981868898188,-58.47350069735007
184.10041841004184,-55.68410041841005
181.31101813110183,-55.68410041841005
178.5216178521618,-55.68410041841005
175.73221757322176,-55.68410041841005
172.94281729428172,-55.68410041841005
170.15341701534172,-55.68410041841005
167.36401673640168,-55.68410041841005
164.57461645746164,-52.89470013947002
158.9958158995816,-52.89470013947002
156.20641562064156,-52.89470013947002
147.83821478382148,-50.10529986052999
142.25941422594144,-50.10529986052999
139.4700139470014,-50.10529986052999
133.89121338912133,-50.10529986052999
128.3124128312413,-47.31589958158996
122.73361227336123,-44.52649930264993
119.94421199442121,-44.52649930264993
114.36541143654115,-44.52649930264993
108.7866108786611,-41.7370990237099
105.99721059972106,-38.94769874476987
100.41841004184101,-38.94769874476987
97.62900976290098,-38.94769874476987
94.83960948396096,-38.94769874476987
92.05020920502092,-36.158298465829844
89.2608089260809,-36.158298465829844
86.47140864714086,-36.158298465829844
86.47140864714086,-33.36889818688982
83.68200836820084,-33.36889818688982
80.89260808926082,-33.36889818688982
78.10320781032078,-33.36889818688982
75.31380753138076,-33.36889818688982
72.52440725244072,-30.57949790794979
69.7350069735007,-27.790097629009765
66.94560669456067,-27.790097629009765
64.15620641562064,-27.790097629009765
61.366806136680616,-27.790097629009765
58.57740585774059,-27.790097629009765
55.78800557880056,-25.000697350069736
52.99860529986053,-25.000697350069736
50.20920502092051,-25.000697350069736
47.41980474198048,-25.000697350069736
44.63040446304045,-22.211297071129707
41.84100418410042,-22.211297071129707
39.05160390516039,-22.211297071129707
36.26220362622036,-19.421896792189678
33.47280334728033,-19.421896792189678
30.683403068340308,-16.632496513249652
27.89400278940028,-16.632496513249652
25.104602510460253,-16.632496513249652
22.315202231520225,-16.632496513249652
19.525801952580196,-13.843096234309623
16.736401673640167,-13.843096234309623
13.94700139470014,-13.843096234309623
11.157601115760112,-13.843096234309623
8.368200836820083,-11.053695955369596
5.578800557880056,-11.053695955369596
2.789400278940028,-11.053695955369596
0.0,-11.053695955369596
0.0,-8.264295676429569
0.0,-5.47489539748954
